27510, CEN_12721,16,LTE_Eureka_PS_MTN_MT_CEN_Northern_Cape_BE
27511, CEN_64531,16,LTE_Estoire_MT_CEN_Bloem_and_Aliwal_BE
27512, CEN_10961,16,LTE_Eskom_Centre_MT_CEN_BE
27514, CEN_55581,16,LTE_Hamilton_Silo_MT_CEN_Bloem_and_Aliwal_BE
27515, CEN_29181,16,LTE_Hamilton_Park_W_MT_CEN_Bloem_and_Aliwal_BE
27516, CEN_50341,16,LTE_Grootvlei_MT_CEN_Bloem_and_Aliwal_BE
27517, CEN_21450,16,LTE_Grootstrij_MT_CEN_BE
27518, CEN_58381,16,LTE_Groenvlei_MTN_MT_CEN_New_Bloem_and_Aliwal_BE
27519, CEN_55621,16,LTE_Groenvallei_Kwekery_MT_CEN_Northern_Cape_BE
27521, CEN_24701,16,LTE_Groblershoop_MT_CEN_Northern_Cape_BE
27522, CEN_25811,16,LTE_Green_Street_MT_CEN_Northern_Cape_BE
27523, CEN_27361,16,LTE_Glen_Lyon_MT_CEN_Bloem_and_Aliwal_BE
27524, CEN_64881,16,LTE_Gemdene_MT_CEN_Northern_Cape_BE
27525, CEN_25801,16,LTE_Geref_Kerk_Kby_MT_CEN_Northern_Cape_BE
27526, CEN_54501,16,LTE_Glen_College_MT_CEN_Bloem_and_Aliwal_BE
27527, CEN_21460,16,LTE_Fairfield_MT_CEN_BE
27528, CEN_52101,16,LTE_Fedsure_House_MT_CEN_Bloem_and_Aliwal_BE
27530, CEN_20121,16,LTE_FS_Stadium_C_MT_CEN_Bloem_and_Aliwal_BE
27532, CEN_27201,16,LTE_Wepener_MT_CEN_Bloem_and_Aliwal_BE
27533, CEN_62111,16,LTE_Welkom_MW_MT_CEN_Welkom_and_Harrismith_BE
27534, CEN_58481,16,LTE_Vodashop_Goldfields_Mall_Pico_MT_CEN_New_BE
27535, CEN_53081,16,LTE_Universitas_Hosp_MT_CEN_Bloem_and_Aliwal_BE
27536, CEN_20541,16,LTE_Tafelkop_MT_CEN_Bloem_and_Aliwal_BE
27537, CEN_52321,16,LTE_Swartkop_WT_CEN_Northern_Cape_BE
27538, CEN_64981,16,LTE_Spoornet_MT_CEN_Bloem_and_Aliwal_BE
27539, CEN_3111,16,LTE_Seoding_MT_CEN_Northern_Cape_BE
27540, CEN_29011,16,LTE_Reitzpark_MT_CEN_Northern_Cape_BE
27541, CEN_53301,16,LTE_Reatlehile_MTN_MT_CEN_BE
27542, CEN_11061,16,LTE_President_Hotel_MT_CEN_Bloem_and_Aliwal_BE
27543, CEN_64961,16,LTE_Phahameng_MT_CEN_Bloem_and_Aliwal_BE
27545, CEN_54061,16,LTE_Noordstad_B_MT_CEN_Bloem_and_Aliwal_BE
27546, CEN_10021,16,LTE_National_Hosp_MT_CEN_Bloem_and_Aliwal_BE
27547, CEN_56021,16,LTE_Siesta_RV_MT_CEN_Bloem_and_Aliwal_BE
27548, CEN_64031,16,LTE_Roodewal_MT_CEN_Bloem_and_Aliwal_BE
27550, CEN_60451,16,LTE_Makwassie_MT_CEN_Welkom_and_Harrismith_BE
27551, CEN_55221,16,LTE_Moshaweng_MT_CEN_Northern_Cape_BE
27552, CEN_55081,16,LTE_Lohatlha_CC_MT_CEN_Northern_Cape_BE
27554, CEN_53661,16,LTE_Kroonstad_Convent_MT_CEN_Welkom_and_Harrismith_BE
27555, CEN_24831,16,LTE_Koupis_MT_CEN_Bloem_and_Aliwal_BE
27556, CEN_22541,16,LTE_Ficksburg_MT_CEN_Bloem_and_Aliwal_BE
27557, CEN_11221,16,LTE_Witdam_MT_CEN_Northern_Cape_BE
27558, CEN_50381,16,LTE_Wolmarans_Ext_10_MT_CEN_Northern_Cape_BE
27559, CEN_27041,16,LTE_Wolmarans_Silo_MT_CEN_Northern_Cape_BE
27560, CEN_52201,16,LTE_Windmill_Casino_MT_CEN_Bloem_and_Aliwal_BE
27561, CEN_62341,16,LTE_Winburg_MT_CEN_Welkom_and_Harrismith_BE
27562, CEN_54981,16,LTE_Woodlands_CC_MT_CEN_Bloem_and_Aliwal_BE
27563, CEN_25521,16,LTE_Zastron_MT_CEN_Bloem_and_Aliwal_BE
27564, CEN_51601,16,LTE_Woodland_Hills_MT_CEN_Bloem_and_Aliwal_BE
27566, CEN_51461,16,LTE_Weitz_MTN_MT_CEN_Bloem_and_Aliwal_BE
27567, CEN_27111,16,LTE_Warrenton_MT_CEN_Northern_Cape_BE
27568, CEN_5311,16,LTE_Waterbron_MW_MT_CEN_Bloem_and_Aliwal_BE
27569, CEN_54241,16,LTE_Waverley_MT_CEN_Bloem_and_Aliwal_BE
27571, CEN_14141,16,LTE_Vryburg_Showgrounds_MT_CEN_Northern_Cape_BE
27572, CEN_15221,16,LTE_Vulamasangu_HS_Atlas_MT_CEN_BE
27573, CEN_27171,16,LTE_Vryburg_MW_MT_CEN_Northern_Cape_BE
27574, CEN_28111,16,LTE_Vryburg_East_MT_CEN_Northern_Cape_BE
27575, CEN_64021,16,LTE_Vryburg_Central_MT_CEN_Northern_Cape_BE
27578, CEN_57261,16,LTE_Vrisgewacht_Telkom_Dect_MT_CEN_New_BE
27579, CEN_50901,16,LTE_Volks_Road_MT_CEN_Welkom_and_Harrismith_BE
27580, CEN_58461,16,LTE_Vodashop_Kroonstad_Pico_CEN_New_Welkom_and_Hsmth_BE
27581, CEN_54401,16,LTE_Kuruman_East_MT_CEN_Northern_Cape_BE
27582, CEN_50541,16,LTE_Kathu_Village_Mall_MT_CEN_Northern_Cape_BE
27583, CEN_11101,16,LTE_Kathu_East_MT_CEN_Northern_Cape_BE
27584, CEN_62051,16,LTE_Jan_Cillierspark_MT_CEN_Welkom_and_Harrismith_BE
27586, CEN_51701,16,LTE_Heeltevrede_MTN_MT_CEN_Bloem_and_Aliwal_BE
27587, CEN_58201,16,LTE_Hani_Park_Clinic_MTN_MT_CEN_New_BE
27588, CEN_28071,16,LTE_Fichardt_Park_MT_CEN_Bloem_and_Aliwal_BE
27589, CEN_56481,16,LTE_Wepener_ATC_MT_CEN_New_BE
27590, CEN_51541,16,LTE_Westerford_C_MT_CEN_Bloem_and_Aliwal_BE
27591, CEN_27341,16,LTE_Wilgehof_MT_CEN_Bloem_and_Aliwal_BE
27592, CEN_50921,16,LTE_Welkom_NGK_Nrd_MT_CEN_Welkom_and_Harrismith_BE
27593, CEN_53381,16,LTE_Turflaagte_MT_CEN_Bloem_and_Aliwal_BE
27596, CEN_62241,16,LTE_Theunissen_MT_CEN_Welkom_and_Harrismith_BE
27597, CEN_27940,16,LTE_Tigerkloof_MT_CEN_Northern_Cape_BE
27598, CEN_22891,16,LTE_Tsitsesong_MT_CEN_Welkom_and_Harrismith_BE
27599, CEN_29191,16,LTE_Thaba_Nchu_MTN_MT_CEN_Bloem_and_Aliwal_BE
27600, CEN_60371,16,LTE_Technikon_FS_MT_CEN_Bloem_and_Aliwal_BE
27601, CEN_64451,16,LTE_Tempe_MT_CEN_Bloem_and_Aliwal_BE
27602, CEN_14121,16,LTE_Thaba_Nchu_CBD_MT_CEN_Unknown_BE
27603, CEN_1171,16,LTE_Tapoleng_MT_CEN_Bloem_and_Aliwal_BE
27604, CEN_27050,16,LTE_Syfergate_MT_CEN_Northern_Cape_BE
27606, CEN_13141,16,LTE_St_Michaels_MTN_MT_CEN_Bloem_and_Aliwal_BE
27607, CEN_57121,16,LTE_St_Peters_Kerk_MT_CEN_Northern_Cape_BE
27608, CEN_20511,16,LTE_Spitzkop_MT_CEN_Bloem_and_Aliwal_BE
27609, CEN_51621,16,LTE_Sonskyn_MT_CEN_Bloem_and_Aliwal_BE
27610, CEN_21481,16,LTE_Soekfontein_MT_CEN_Bloem_and_Aliwal_BE
27612, CEN_50421,16,LTE_Snake_Park_B_MT_CEN_Welkom_and_Harrismith_BE
27613, CEN_23651,16,LTE_Smithfield_MT_CEN_Bloem_and_Aliwal_BE
27615, CEN_53361,16,LTE_Sishen_Mine_MT_CEN_Northern_Cape_BE
27616, CEN_24751,16,LTE_Sishen_Kathu_MT_CEN_Northern_Cape_BE
27617, CEN_60121,16,LTE_Simbruner_MT_CEN_Northern_Cape_BE
27618, CEN_54441,16,LTE_Silwerboom_TMP_MT_CEN_Northern_Cape_BE
27619, CEN_62721,16,LTE_Viljoenskroon_MT_CEN_New_Welkom_and_Harrismith_BE
27620, CEN_64380,16,LTE_Verkeerdevlei_MTN_MT_CEN_Bloem_and_Aliwal_BE
27621, CEN_25861,16,LTE_Verwoerd_Dam_MT_CEN_Northern_Cape_BE
27622, CEN_62321,16,LTE_Ventersburg_MT_CEN_Welkom_and_Harrismith_BE
27623, CEN_12061,16,LTE_Vaalkraal_F2_Dect_MT_CEN_Bloem_and_Aliwal_BE
27624, CEN_64260,16,LTE_Van_Stadensrus_MTN_MT_CEN_Bloem_and_Aliwal_BE
27625, CEN_26150,16,LTE_Van_Zylsvlei_MT_CEN_Northern_Cape_BE
27626, CEN_52861,16,LTE_Varsity_Sport_ATC_MT_CEN_Bloem_and_Aliwal_BE
27627, CEN_20921,16,LTE_Upington_MW_MT_CEN_Northern_Cape_BE
27628, CEN_55721,16,LTE_Upington_Showgrounds_MT_CEN_Northern_Cape_BE
27629, CEN_1261,16,LTE_Universitas_Rif_MT_CEN_Bloem_and_Aliwal_BE
27630, CEN_51561,16,LTE_Upington_Airport_MT_CEN_Northern_Cape_BE
27631, CEN_29691,16,LTE_Upington_Exch_MT_CEN_Northern_Cape_BE
27632, CEN_28951,16,LTE_Universitas_MT_CEN_Bloem_and_Aliwal_BE
27633, CEN_10941,16,LTE_Unipark_CT_CEN_Bloem_and_Aliwal_BE
27634, CEN_50281,16,LTE_Uitsig_MT_CEN_Bloem_and_Aliwal_BE
27635, CEN_11581,16,LTE_Umso_Schl_MT_CEN_Northern_Cape_BE
27636, CEN_58301,16,LTE_UOVS_Tennis_MTN_MT_CEN_New_Bloem_and_Aliwal_BE
27638, CEN_64911,16,LTE_UFS_MT_CEN_Bloem_and_Aliwal_BE
27639, CEN_14961,16,LTE_UFS_South_Campus_MT_CEN_New_Bloem_and_Aliwal_BE
27640, CEN_50561,16,LTE_Turflaagte_MW_MT_CEN_BE
27641, CEN_58241,16,LTE_Setshabelo_MTN_MT_CEN_New_BE
27642, CEN_29200,16,LTE_Serfontein_MT_CEN_BE
27643, CEN_50261,16,LTE_Sesheng_MT_CEN_Northern_Cape_BE
27644, CEN_56601,16,LTE_Seqhobong_MTN_MT_CEN_Welkom_and_Harrismith_BE
27645, CEN_24371,16,LTE_Selosesha_MT_CEN_New_BE
27646, CEN_52881,16,LTE_Selosesha_Telk_MT_CEN_Bloem_and_Aliwal_BE
27648, CEN_51301,16,LTE_Seisa_Ramabodu_MT_CEN_Bloem_and_Aliwal_BE
27650, CEN_29171,16,LTE_Schoemanpark_MT_CEN_Bloem_and_Aliwal_BE
27651, CEN_56001,16,LTE_Sante_MTN_MT_CEN_Bloem_and_Aliwal_BE
27652, CEN_54101,16,LTE_Sanlam_Plaza_MT_CEN_Bloem_and_Aliwal_BE
27653, CEN_51041,16,LTE_Sandania_MT_CEN_Welkom_and_Harrismith_BE
27654, CEN_62201,16,LTE_Saaiplaas_Primary_MT_CEN_Welkom_and_Harrismith_BE
27655, CEN_40081,16,LTE_Rulaganyang_MT_CEN_Welkom_and_Harrismith_BE
27656, CEN_1121,16,LTE_Rosestad_MT_CEN_Bloem_and_Aliwal_BE
27658, CEN_52981,16,LTE_Rosepark_MT_CEN_Bloem_and_Aliwal_BE
27659, CEN_64141,16,LTE_Rooidam_MT_CEN_Bloem_and_Aliwal_BE
27660, CEN_52181,16,LTE_Roqueford_MT_CEN_Bloem_and_Aliwal_BE
27661, CEN_29161,16,LTE_Rodenbeck_MT_CEN_Bloem_and_Aliwal_BE
27662, CEN_2801,16,LTE_Rocklands_C_MT_CEN_Bloem_and_Aliwal_BE
27663, CEN_55661,16,LTE_Robertson_Str_MTN_MT_CEN_Welkom_and_Harrismith_BE
27664, CEN_40341,16,LTE_Rinkink_Eaton_MT_CEN_Bloem_and_Aliwal_BE
27665, CEN_28500,16,LTE_Richmond_C_MT_CEN_Northern_Cape_BE
27666, CEN_26141,16,LTE_Riebeeckstad_MT_CEN_Welkom_and_Harrismith_BE
27667, CEN_24401,16,LTE_Rhodesdene_MT_CEN_Northern_Cape_BE
27668, CEN_51001,16,LTE_Rheeder_Park_MT_CEN_Welkom_and_Harrismith_BE
27669, CEN_53321,16,LTE_Relebohile_MTN_MT_CEN_Welkom_and_Harrismith_BE
27670, CEN_62151,16,LTE_Reitzpark_Primary_MT_CEN_Welkom_and_Harrismith_BE
27671, CEN_11501,16,LTE_Reddersburg_Town_MT_CEN_Bloem_and_Aliwal_BE
27673, CEN_50761,16,LTE_Sewe_Damme_MT_CEN_Bloem_and_Aliwal_BE
27674, CEN_50301,16,LTE_Shannon_MT_CEN_Bloem_and_Aliwal_BE
27675, CEN_24551,16,LTE_Showgrounds_MT_CEN_Bloem_and_Aliwal_BE
27676, CEN_52761,16,LTE_SAPS_Flying_Sqd_MT_CEN_Bloem_and_Aliwal_BE
27677, CEN_51341,16,LTE_Rutanang_MT_CEN_Bloem_and_Aliwal_BE
27679, CEN_51501,16,LTE_Pumlani_MTN_MT_CEN_Welkom_and_Harrismith_BE
27680, CEN_64181,16,LTE_Preller_Plein_MT_CEN_Bloem_and_Aliwal_BE
27681, CEN_4350,16,LTE_President_Hotel_Id_MT_CEN_Bloem_and_Aliwal_BE
27682, CEN_24711,16,LTE_Prieska_MT_CEN_New_Northern_Cape_BE
27683, CEN_55821,16,LTE_Postmasburg_Central_MT_CEN_Unknown_BE
27685, CEN_64391,16,LTE_Re_A_Hola_MT_CEN_Bloem_and_Aliwal_BE
27686, CEN_53561,16,LTE_Reabona_MTN_MT_CEN_Northern_Cape_BE
27687, CEN_50441,16,LTE_Rammulotsi_A_MT_CEN_Welkom_and_Harrismith_BE
27688, CEN_55901,16,LTE_Pabalello_MT_CEN_Northern_Cape_BE
27689, CEN_52161,16,LTE_Pacofs_MT_CEN_Bloem_and_Aliwal_BE
27690, CEN_29131,16,LTE_Oranjesig_MT_CEN_Bloem_and_Aliwal_BE
27691, CEN_64871,16,LTE_Ooseinde_MT_CEN_Bloem_and_Aliwal_BE
27692, CEN_52341,16,LTE_Olyvenh_MTN_MT_CEN_Northern_Cape_BE
27693, CEN_64841,16,LTE_Omni_Centre_MT_CEN_Bloem_and_Aliwal_BE
27694, CEN_50601,16,LTE_Olive_Hill_MTN_MT_CEN_Bloem_and_Aliwal_BE
27695, CEN_25541,16,LTE_Olifantshoek_C_MT_CEN_Northern_Cape_BE
27696, CEN_25651,16,LTE_Odendaalsrus_MT_CEN_Welkom_and_Harrismith_BE
27697, CEN_54921,16,LTE_Nteboheng_MTN_MT_CEN_Bloem_and_Aliwal_BE
27699, CEN_64831,16,LTE_OVV_MT_CEN_Bloem_and_Aliwal_BE
27700, CEN_54041,16,LTE_Noordstad_A_MT_CEN_Bloem_and_Aliwal_BE
27701, CEN_5501,16,LTE_Naudeville_MT_CEN_Welkom_and_Harrismith_BE
27702, CEN_1161,16,LTE_Netcare_911_MT_CEN_Bloem_and_Aliwal_BE
27703, CEN_57101,16,LTE_Nobel_Str_MT_CEN_Bloem_and_Aliwal_BE
27704, CEN_51021,16,LTE_Naudeville_C_MT_CEN_Welkom_and_Harrismith_BE
27705, CEN_63771,16,LTE_NGK_Heuwelkruin_MT_CEN_Bloem_and_Aliwal_BE
27706, CEN_15161,16,LTE_NGK_Batho_MTN_MT_CEN_New_BE
27707, CEN_52041,16,LTE_NGK_BFN_Wes_MT_CEN_Bloem_and_Aliwal_BE
27708, CEN_63491,16,LTE_Mount_Cedar_MT_CEN_Bloem_and_Aliwal_BE
27709, CEN_27681,16,LTE_Mothibistad_MT_CEN_Northern_Cape_BE
27710, CEN_54381,16,LTE_Mothibistad_East_MT_CEN_Northern_Cape_BE
27711, CEN_1251,16,LTE_Mimosa_Mall_MT_CEN_Bloem_and_Aliwal_BE
27712, CEN_4161,16,LTE_Minerva_Gardens_MT_CEN_Northern_Cape_BE
27713, CEN_11361,16,LTE_Mogojaneng_MT_CEN_Northern_Cape_BE
27714, CEN_54461,16,LTE_Mill_Str_MT_CEN_Bloem_and_Aliwal_BE
27715, CEN_27231,16,LTE_Metlife_Towers_MT_CEN_Northern_Cape_BE
27716, CEN_51521,16,LTE_Meyerhof_NGK_MT_CEN_Welkom_and_Harrismith_BE
27717, CEN_54081,16,LTE_Middestad_A_MT_CEN_Bloem_and_Aliwal_BE
27718, CEN_54121,16,LTE_Middestad_B_MT_CEN_Bloem_and_Aliwal_BE
27719, CEN_55021,16,LTE_Mikro_MTN_MT_CEN_Bloem_and_Aliwal_BE
27721, CEN_51061,16,LTE_Maryn_MT_CEN_Bloem_and_Aliwal_BE
27722, CEN_53461,16,LTE_Masenkeng_MTN_MT_CEN_Bloem_and_Aliwal_BE
27723, CEN_52741,16,LTE_Males_Mews_MT_CEN_Welkom_and_Harrismith_BE
27724, CEN_12601,16,LTE_Manokwane_MT_CEN_Northern_Cape_BE
27726, CEN_50181,16,LTE_Lourierpark_MT_CEN_Bloem_and_Aliwal_BE
27727, CEN_27701,16,LTE_Luckhoff_MT_CEN_Northern_Cape_BE
27728, CEN_24390,16,LTE_Lohatlha_Mil_Base_MT_CEN_Northern_Cape_BE
27729, CEN_54801,16,LTE_Lime_Acres_Town_MT_CEN_Northern_Cape_BE
27730, CEN_27780,16,LTE_Pofadder_MT_CEN_Northern_Cape_BE
27731, CEN_24731,16,LTE_Postmasburg_A_MT_CEN_Northern_Cape_BE
27735, CEN_52521,16,LTE_Phillip_Sanders_MT_CEN_Bloem_and_Aliwal_BE
27736, CEN_24031,16,LTE_Phahameng_CellC_MT_CEN_Bloem_and_Aliwal_BE
27737, CEN_28931,16,LTE_Petrusburg_MT_CEN_Bloem_and_Aliwal_BE
27738, CEN_4111,16,LTE_Pescodia_MT_CEN_Northern_Cape_BE
27739, CEN_26431,16,LTE_Pentagon_Park_MT_CEN_Bloem_and_Aliwal_BE
27740, CEN_11081,16,LTE_Pentagon_WT_MT_CEN_Bloem_and_Aliwal_BE
27741, CEN_22841,16,LTE_Pelonomi_Hosp_MT_CEN_Bloem_and_Aliwal_BE
27742, CEN_60001,16,LTE_Pellisier_MT_CEN_Bloem_and_Aliwal_BE
27744, CEN_28920,16,LTE_Parys_MW_MT_CEN_BE
27748, CEN_11341,16,LTE_Lessing_MT_CEN_Bloem_and_Aliwal_BE
27749, CEN_11021,16,LTE_Lesrey_MT_CEN_Northern_Cape_BE
27750, CEN_51161,16,LTE_Lereng_Schl_MT_CEN_Bloem_and_Aliwal_BE
27751, CEN_24941,16,LTE_Lekung_MT_CEN_Northern_Cape_BE
27753, CEN_56501,16,LTE_Leratong_Clinic_MTN_MT_CEN_Unknown_BE
27754, CEN_60441,16,LTE_Lekhulong_MT_CEN_Bloem_and_Aliwal_BE
27755, CEN_24981,16,LTE_LHP_West_MT_CEN_Bloem_and_Aliwal_BE
27757, CEN_64041,16,LTE_Ladybrand_Town_MT_CEN_Bloem_and_Aliwal_BE
27759, CEN_64821,16,LTE_LHP_Spar_MT_CEN_Bloem_and_Aliwal_BE
27760, CEN_28011,16,LTE_LHP_MT_CEN_Bloem_and_Aliwal_BE
27761, CEN_51081,16,LTE_LHP_South_MT_CEN_Bloem_and_Aliwal_BE
27762, CEN_60281,16,LTE_LHP_Caltex_MT_CEN_Bloem_and_Aliwal_BE
27763, CEN_56041,16,LTE_LHP_East_MT_CEN_Bloem_and_Aliwal_BE
27764, CEN_64341,16,LTE_Kuruman_WT_MT_CEN_Northern_Cape_BE
27766, CEN_25331,16,LTE_Kuruman_MT_CEN_Northern_Cape_BE
27767, CEN_54601,16,LTE_Kuruman_ATC_MT_CEN_Northern_Cape_BE
27768, CEN_54421,16,LTE_Kudumane_Mine_MT_CEN_Northern_Cape_BE
27769, CEN_50501,16,LTE_Kruitberg_Prim_MT_CEN_Bloem_and_Aliwal_BE
27770, CEN_54361,16,LTE_Kroonstad_Silo_MT_CEN_New_Welkom_and_Harrismith_BE
27771, CEN_23091,16,LTE_Kroonstad_South_MT_CEN_Welkom_and_Harrismith_BE
27772, CEN_29101,16,LTE_Kroonvaal_MT_CEN_BE
27773, CEN_23441,16,LTE_Kroonstad_North_MT_CEN_Welkom_and_Harrismith_BE
27774, CEN_21991,16,LTE_Kroonstad_Exch_MT_CEN_Welkom_and_Harrismith_BE
27775, CEN_51901,16,LTE_Lieketseng_MTN_MT_CEN_Welkom_and_Harrismith_BE
27776, CEN_24721,16,LTE_Lime_Acres_MT_CEN_Northern_Cape_BE
27777, CEN_20951,16,LTE_Kanoneiland_MT_CEN_Northern_Cape_BE
27778, CEN_54301,16,LTE_Kathu_Eskom_MT_CEN_Northern_Cape_BE
27780, CEN_55501,16,LTE_Kagisanong_MT_CEN_Bloem_and_Aliwal_BE
27781, CEN_24821,16,LTE_Kakamas_MT_CEN_Northern_Cape_BE
27783, CEN_62171,16,LTE_Kaalvallei_MT_CEN_BE
27784, CEN_20001,16,LTE_Jim_Fouche_Park_MT_CEN_Welkom_and_Harrismith_BE
27785, CEN_53061,16,LTE_Johannes_Brill_MT_CEN_Bloem_and_Aliwal_BE
27786, CEN_64521,16,LTE_Jan_Kempdorp_WT_MT_CEN_Northern_Cape_BE
27787, CEN_52121,16,LTE_Iustisie_Gebou_MT_CEN_Bloem_and_Aliwal_BE
27788, CEN_60181,16,LTE_Jacobsdal_MT_CEN_Unknown_BE
27789, CEN_64991,16,LTE_Ipopeng_MT_CEN_Northern_Cape_BE
27790, CEN_50781,16,LTE_Huhudi_MT_CEN_Northern_Cape_BE
27791, CEN_27601,16,LTE_Hotazel_MT_CEN_Northern_Cape_BE
27792, CEN_62141,16,LTE_Horseshoe_MT_CEN_Welkom_and_Harrismith_BE
27793, CEN_27990,16,LTE_Hobhouse_MT_CEN_Bloem_and_Aliwal_BE
27794, CEN_51581,16,LTE_Heuwelsig_MT_CEN_Bloem_and_Aliwal_BE
27795, CEN_53981,16,LTE_Henry_Fagan_MT_CEN_Bloem_and_Aliwal_BE
27796, CEN_62181,16,LTE_Hennenman_MT_CEN_Welkom_and_Harrismith_BE
27797, CEN_30061,16,LTE_Henninghof_MT_CEN_Northern_Cape_BE
27798, CEN_28081,16,LTE_Helicon_Heights_MT_CEN_Bloem_and_Aliwal_BE
27800, CEN_28061,16,LTE_Heidedal_Exch_MT_CEN_Bloem_and_Aliwal_BE
27801, CEN_58561,16,LTE_Heidedal_ATC_MT_CEN_New_BE
27803, CEN_27151,16,LTE_Hartswater_MT_CEN_Northern_Cape_BE
27804, CEN_13241,16,LTE_Hartswater_Exch_MT_CEN_Northern_Cape_BE
27805, CEN_55541,16,LTE_Harmony_Mine_MT_CEN_Welkom_and_Harrismith_BE
27807, CEN_54701,16,LTE_Harmony_MT_CEN_Welkom_and_Harrismith_BE
27808, CEN_26031,16,LTE_Kopjeskraal_MT_CEN_Welkom_and_Harrismith_BE
27809, CEN_53821,16,LTE_Kolomela_Mine_MT_CEN_Northern_Cape_BE
27811, CEN_29611,16,LTE_Koffiefontein_MT_CEN_Northern_Cape_BE
27813, CEN_21471,16,LTE_Kleinosspruit_MT_CEN_BE
27814, CEN_15101,16,LTE_Khotsong_Clinic_Welkom_MTN_MT_CEN_New_BE
27815, CEN_28021,16,LTE_Kimberley_HTS_MT_CEN_Northern_Cape_BE
27816, CEN_11161,16,LTE_Kimdustria_MT_CEN_Northern_Cape_BE
27817, CEN_50321,16,LTE_Kgotsong_MT_CEN_Welkom_and_Harrismith_BE
27818, CEN_20941,16,LTE_Keimoes_MT_CEN_Northern_Cape_BE
27819, CEN_56441,16,LTE_Kellys_View_MTN_MT_CEN_Unknown_BE
27820, CEN_55941,16,LTE_Keidebees_MT_CEN_Northern_Cape_BE
27821, CEN_15021,16,LTE_Kby_Vdc_Office_MT_CEN_Northern_Cape_BE
27822, CEN_12761,16,LTE_Kby_Mediclinic_MT_CEN_Northern_Cape_BE
27823, CEN_29631,16,LTE_Kathu_Town_MT_CEN_Northern_Cape_BE
27824, CEN_64161,16,LTE_Katleho_MT_CEN_Bloem_and_Aliwal_BE
27825, CEN_13601,16,LTE_Kby_Golf_Club_MT_CEN_Northern_Cape_BE
27826, CEN_12121,16,LTE_Kby_Hosp_MT_CEN_Northern_Cape_BE
27827, CEN_27931,16,LTE_Kathu_Geref_Kerk_MT_CEN_Northern_Cape_BE
27828, CEN_53841,16,LTE_Gannaput_MTN_MT_CEN_Northern_Cape_BE
27829, CEN_64291,16,LTE_Ga_Mopedi_MT_CEN_Northern_Cape_BE
27830, CEN_57921,16,LTE_Gamsberg_MT_CEN_BE
27831, CEN_58081,16,LTE_Freedom_Sqr_MT_CEN_New_BE
27832, CEN_64171,16,LTE_Forfar_MT_CEN_Bloem_and_Aliwal_BE
27834, CEN_62290,16,LTE_Fontein_MT_CEN_BE
27835, CEN_62061,16,LTE_Flamingo_Park_MT_CEN_Welkom_and_Harrismith_BE
27836, CEN_12401,16,LTE_Flaxley_MT_CEN_Northern_Cape_BE
27837, CEN_60150,16,LTE_Flamingo_Casino_MT_CEN_Northern_Cape_BE
27838, CEN_52801,16,LTE_Ficksburg_East_MT_CEN_Bloem_and_Aliwal_BE
27839, CEN_13061,16,LTE_Ficksburg_ATC_MT_CEN_Bloem_and_Aliwal_BE
27840, CEN_50161,16,LTE_Fichardtkruin_MT_CEN_Bloem_and_Aliwal_BE
27841, CEN_20081,16,LTE_FS_Stadium_AB_MT_CEN_Bloem_and_Aliwal_BE
27842, CEN_52561,16,LTE_FS_Cricket_B_MT_CEN_Bloem_and_Aliwal_BE
27843, CEN_50621,16,LTE_FS_Stadium_AA_MT_CEN_Bloem_and_Aliwal_BE
27844, CEN_52541,16,LTE_FS_Cricket_A_MT_CEN_Bloem_and_Aliwal_BE
27845, CEN_55281,16,LTE_FHP_Sport_MT_CEN_Bloem_and_Aliwal_BE
27846, CEN_60391,16,LTE_Excelsior_MT_CEN_Bloem_and_Aliwal_BE
27847, CEN_57161,16,LTE_Aggeneys_Sentech_MT_CEN_BE
27848, CEN_55701,16,LTE_Engen_N1_MT_CEN_Bloem_and_Aliwal_BE
27849, CEN_10101,16,LTE_Du_Plooy_MT_CEN_Bloem_and_Aliwal_BE
27850, CEN_27211,16,LTE_Dewetsdorp_MT_CEN_Bloem_and_Aliwal_BE
27851, CEN_64861,16,LTE_Brandwag_Prim_MT_CEN_Bloem_and_Aliwal_BE
27852, CEN_27850,16,LTE_Boesmanskop_MT_CEN_Bloem_and_Aliwal_BE
27853, CEN_23601,16,LTE_Bloem_Airport_MT_CEN_Bloem_and_Aliwal_BE
27854, CEN_1501,16,LTE_Batlharos_MT_CEN_Northern_Cape_BE
27855, CEN_52241,16,LTE_Asmandia_MTN_MT_CEN_Northern_Cape_BE
27856, CEN_62121,16,LTE_Ernest_Oppen_MT_CEN_Welkom_and_Harrismith_BE
27857, CEN_27221,16,LTE_Eiland_MT_CEN_Northern_Cape_BE
27858, CEN_64921,16,LTE_Ehrlich_Park_MT_CEN_Bloem_and_Aliwal_BE
27859, CEN_26551,16,LTE_Eensgevonden_N1_MT_CEN_BE
27860, CEN_60171,16,LTE_Duineveld_MT_CEN_Northern_Cape_BE
27861, CEN_21530,16,LTE_Edenburg_PO_MT_CEN_Bloem_and_Aliwal_BE
27862, CEN_29081,16,LTE_Du_Toitspan_MT_CEN_Northern_Cape_BE
27863, CEN_27811,16,LTE_De_Wet_Cell_C_MT_CEN_Bloem_and_Aliwal_BE
27864, CEN_24741,16,LTE_Danielskuil_MT_CEN_Northern_Cape_BE
27865, CEN_20061,16,LTE_Dan_Pienaar_MT_CEN_Bloem_and_Aliwal_BE
27866, CEN_27750,16,LTE_Corma_Nooitgedacht_MT_CEN_Northern_Cape_BE
27870, CEN_27100,16,LTE_Catharina_MT_CEN_Northern_Cape_BE
27871, CEN_24460,16,LTE_Butlers_Haven_MT_CEN_Northern_Cape_BE
27872, CEN_50881,16,LTE_Brutus_MT_CEN_Welkom_and_Harrismith_BE
27873, CEN_62211,16,LTE_Bronville_MT_CEN_Welkom_and_Harrismith_BE
27874, CEN_53281,16,LTE_Brandwag_Exch_MT_CEN_Bloem_and_Aliwal_BE
27875, CEN_7850,16,LTE_Boyden_MTN_MT_CEN_Bloem_and_Aliwal_BE
27876, CEN_50521,16,LTE_Brandkop_MT_CEN_Bloem_and_Aliwal_BE
27877, CEN_25731,16,LTE_Botshabelo_South_MT_CEN_Bloem_and_Aliwal_BE
27878, CEN_51381,16,LTE_Botshabelo_Stdm_MT_CEN_Bloem_and_Aliwal_BE
27880, CEN_50581,16,LTE_Bloem_Market_MT_CEN_Bloem_and_Aliwal_BE
27881, CEN_54161,16,LTE_Bloem_Hyper_MT_CEN_Bloem_and_Aliwal_BE
27882, CEN_47021,16,LTE_Bloem_Game_MT_CEN_Bloem_and_Aliwal_BE
27883, CEN_64941,16,LTE_Bloem_Dieretuin_MT_CEN_Bloem_and_Aliwal_BE
27884, CEN_54141,16,LTE_Bloem_Civic_Cntr_MT_CEN_Bloem_and_Aliwal_BE
27886, CEN_55381,16,LTE_Augrabies_Falls_MT_CEN_Northern_Cape_BE
27887, CEN_20961,16,LTE_Augrabies_MT_CEN_Northern_Cape_BE
27888, CEN_54201,16,LTE_Arboretum_MT_CEN_Bloem_and_Aliwal_BE
27889, CEN_51101,16,LTE_Allanridge_ATC_MT_CEN_Welkom_and_Harrismith_BE
27890, CEN_23101,16,LTE_Aliwal_North_MT_CEN_Bloem_and_Aliwal_BE
27891, CEN_25081,16,LTE_Aliwal_Central_MT_CEN_Bloem_and_Aliwal_BE
27893, CEN_51121,16,LTE_Aggeneys_Town_MT_CEN_BE
27895, CEN_56621,16,LTE_Dr_Reginald_Cingo_MTN_CEN_New_Welkom_and_Hrrsmth_BE
27896, CEN_58121,16,LTE_Dr_Bohmer_Cell_C_MT_CEN_New_Bloem_and_Aliwal_BE
27898, CEN_53741,16,LTE_Diskobolos_MT_CEN_Northern_Cape_BE
27899, CEN_24761,16,LTE_Douglas_MT_CEN_Northern_Cape_BE
27900, CEN_13001,16,LTE_Douglas_Spar_MT_CEN_Northern_Cape_BE
27901, CEN_64370,16,LTE_Dibeng_MTN_MT_CEN_Northern_Cape_BE
27902, CEN_7160,16,LTE_Deveron_MTN_MT_CEN_Bloem_and_Aliwal_BE
27903, CEN_29671,16,LTE_Delportshoop_MT_CEN_Northern_Cape_BE
27904, CEN_12241,16,LTE_Dealesville_MTN_MT_CEN_Bloem_and_Aliwal_BE
27905, CEN_64191,16,LTE_De_La_Rey_hof_MT_CEN_Bloem_and_Aliwal_BE
27906, CEN_28041,16,LTE_De_Brug_MT_CEN_BE
27907, CEN_11521,16,LTE_De_Aar_WT_MT_CEN_Northern_Cape_BE
27908, CEN_12441,16,LTE_Darcy_Str_MT_CEN_Northern_Cape_BE
27909, CEN_55041,16,LTE_De_Aar_Central_MT_CEN_Northern_Cape_BE
27910, CEN_21581,16,LTE_De_Aar_MW_MT_CEN_Northern_Cape_BE
27911, CEN_23391,16,LTE_Colesberg_Carrier_MT_CEN_Northern_Cape_BE
27912, CEN_54761,16,LTE_Clinvet_MT_CEN_Bloem_and_Aliwal_BE
27913, CEN_52301,16,LTE_Clevely_MT_CEN_Bloem_and_Aliwal_BE
27914, CEN_20561,16,LTE_City_Of_Hop_MTN_MT_CEN_Northern_Cape_BE
27916, CEN_29051,16,LTE_Bop_Kuruman_MT_CEN_Northern_Cape_BE
27918, CEN_53421,16,LTE_Bochabela_MT_CEN_Bloem_and_Aliwal_BE
27919, CEN_20021,16,LTE_Bobbiespark_MTN_MT_CEN_Bloem_and_Aliwal_BE
27922, CEN_51941,16,LTE_Bloemvallei_MT_CEN_Bloem_and_Aliwal_BE
27923, CEN_2681,16,LTE_Bloem_Waterfront_MT_CEN_Bloem_and_Aliwal_BE
27924, CEN_3941,16,LTE_Bloemside_MT_CEN_Bloem_and_Aliwal_BE
27925, CEN_55481,16,LTE_Bloemanda_MT_CEN_Bloem_and_Aliwal_BE
27926, CEN_40041,16,LTE_Bloem_Water_MT_CEN_Bloem_and_Aliwal_BE
27927, CEN_20531,16,LTE_Bloem_South_MT_CEN_Bloem_and_Aliwal_BE
27928, CEN_51241,16,LTE_Bloem_Plaza_MT_CEN_Bloem_and_Aliwal_BE
27929, CEN_54681,16,LTE_Bloem_Show_MT_CEN_BE
27930, CEN_58601,16,LTE_Bloem_Sonskyn_ATC_MT_CEN_New_BE
27931, CEN_64011,16,LTE_Bloem_Phase_Six_MT_CEN_BE
27932, CEN_64851,16,LTE_Blanckenbrgvlei_MT_CEN_Northern_Cape_BE
27933, CEN_60031,16,LTE_Black_Rock_MT_CEN_Northern_Cape_BE
27934, CEN_56061,16,LTE_Black_Mountain_Mine_MT_CEN_Northern_Cape_BE
27936, CEN_54881,16,LTE_Bestwood_MT_CEN_Northern_Cape_BE
27939, CEN_62101,16,LTE_Bedelia_MT_CEN_Welkom_and_Harrismith_BE
27940, CEN_2710,16,LTE_Beeshoek_MTN_MT_CEN_Unknown_BE
27941, CEN_64931,16,LTE_Bayswater_Police_MT_CEN_Bloem_and_Aliwal_BE
27942, CEN_11741,16,LTE_Beaconsfield_MT_CEN_Northern_Cape_BE
27943, CEN_51881,16,LTE_Beatrix_Mine_MTN_MT_CEN_Welkom_and_Harrismith_BE
27944, CEN_27711,16,LTE_Bayswater_MT_CEN_Bloem_and_Aliwal_BE
27945, CEN_64411,16,LTE_Batho_MT_CEN_Bloem_and_Aliwal_BE
27946, CEN_13961,16,LTE_Bartimea_MTN_MT_CEN_Bloem_and_Aliwal_BE
27947, CEN_51781,16,LTE_Bainsvlei_NGK_MT_CEN_Bloem_and_Aliwal_BE
27948, CEN_53701,16,LTE_Bankhara_MTN_MT_CEN_Northern_Cape_BE
27949, CEN_29540,16,LTE_Bainsvlei_MT_CEN_Bloem_and_Aliwal_BE
27950, CEN_51321,16,LTE_Bains_Game_lodge_MT_CEN_New_Bloem_and_Aliwal_BE
27951, CEN_24561,16,LTE_BFN_Hydromed_MT_CEN_Bloem_and_Aliwal_BE
27952, CEN_52081,16,LTE_APK_Suid_MT_CEN_Bloem_and_Aliwal_BE
27953, CEN_61971,16,LTE_AGS_Universitas_MT_CEN_Bloem_and_Aliwal_BE
30054, CEN_1261_EF,16,LTE_Universitas_Rif_MT_CEN_Bloem_and_Aliwal_EF
30056, CEN_11501_EF,16,LTE_Reddersburg_Town_MT_CEN_Bloem_and_Aliwal_EF
30058, CEN_64841_EF,16,LTE_Omni_Centre_MT_CEN_Bloem_and_Aliwal_EF
30059, CEN_54601_EF,16,LTE_Kuruman_ATC_MT_CEN_Northern_Cape_EF
30061, CEN_50161_EF,16,LTE_Fichardtkruin_MT_CEN_Bloem_and_Aliwal_EF
30063, CEN_60391_EF,16,LTE_Excelsior_MT_CEN_Bloem_and_Aliwal_EF
30065, CEN_51241_EF,16,LTE_Bloem_Plaza_MT_CEN_Bloem_and_Aliwal_EF
30068, CEN_7850_EF,16,LTE_Boyden_MTN_MT_CEN_Bloem_and_Aliwal_EF
30069, CEN_61971_EF,16,LTE_AGS_Universitas_MT_CEN_Bloem_and_Aliwal_EF
30072, CEN_54981_EF,16,LTE_Woodlands_CC_MT_CEN_Bloem_and_Aliwal_EF
30073, CEN_51601_EF,16,LTE_Woodland_Hills_MT_CEN_Bloem_and_Aliwal_EF
30076, CEN_27341_EF,16,LTE_Wilgehof_MT_CEN_Bloem_and_Aliwal_EF
30078, CEN_62341_EF,16,LTE_Winburg_MT_CEN_Welkom_and_Harrismith_EF
30082, CEN_14141_EF,16,LTE_Vryburg_Showgrounds_MT_CEN_Northern_Cape_EF
30084, CEN_25861_EF,16,LTE_Verwoerd_Dam_MT_CEN_Northern_Cape_EF
30086, CEN_64380_EF,16,LTE_Verkeerdevlei_MTN_MT_CEN_Bloem_and_Aliwal_EF
30089, CEN_52861_EF,16,LTE_Varsity_Sport_ATC_MT_CEN_Bloem_and_Aliwal_EF
30090, CEN_53381_EF,16,LTE_Turflaagte_MT_CEN_Bloem_and_Aliwal_EF
30093, CEN_62241_EF,16,LTE_Theunissen_MT_CEN_Welkom_and_Harrismith_EF
30094, CEN_27940_EF,16,LTE_Tigerkloof_MT_CEN_Northern_Cape_EF
30098, CEN_60371_EF,16,LTE_Technikon_FS_MT_CEN_Bloem_and_Aliwal_EF
30100, CEN_51621_EF,16,LTE_Sonskyn_MT_CEN_Bloem_and_Aliwal_EF
30102, CEN_20511_EF,16,LTE_Spitzkop_MT_CEN_Bloem_and_Aliwal_EF
30104, CEN_24751_EF,16,LTE_Sishen_Kathu_MT_CEN_Northern_Cape_EF
30106, CEN_53321_EF,16,LTE_Relebohile_MTN_MT_CEN_Welkom_and_Harrismith_EF
30108, CEN_24711_EF,16,LTE_Prieska_MT_CEN_New_Northern_Cape_EF
30110, CEN_11061_EF,16,LTE_President_Hotel_MT_CEN_Bloem_and_Aliwal_EF
30114, CEN_52521_EF,16,LTE_Phillip_Sanders_MT_CEN_Bloem_and_Aliwal_EF
30118, CEN_52161_EF,16,LTE_Pacofs_MT_CEN_Bloem_and_Aliwal_EF
30120, CEN_10021_EF,16,LTE_National_Hosp_MT_CEN_Bloem_and_Aliwal_EF
30123, CEN_27681_EF,16,LTE_Mothibistad_MT_CEN_Northern_Cape_EF
30125, CEN_54461_EF,16,LTE_Mill_Str_MT_CEN_Bloem_and_Aliwal_EF
30126, CEN_56041_EF,16,LTE_LHP_East_MT_CEN_Bloem_and_Aliwal_EF
30128, CEN_64341_EF,16,LTE_Kuruman_WT_MT_CEN_Northern_Cape_EF
30130, CEN_11341_EF,16,LTE_Lessing_MT_CEN_Bloem_and_Aliwal_EF
30136, CEN_64161_EF,16,LTE_Katleho_MT_CEN_Bloem_and_Aliwal_EF
30137, CEN_27601_EF,16,LTE_Hotazel_MT_CEN_Northern_Cape_EF
30142, CEN_28061_EF,16,LTE_Heidedal_Exch_MT_CEN_Bloem_and_Aliwal_EF
30143, CEN_51701_EF,16,LTE_Heeltevrede_MTN_MT_CEN_Bloem_and_Aliwal_EF
30146, CEN_54701_EF,16,LTE_Harmony_MT_CEN_Welkom_and_Harrismith_EF
30150, CEN_27361_EF,16,LTE_Glen_Lyon_MT_CEN_Bloem_and_Aliwal_EF
30152, CEN_54501_EF,16,LTE_Glen_College_MT_CEN_Bloem_and_Aliwal_EF
30154, CEN_20121_EF,16,LTE_FS_Stadium_C_MT_CEN_Bloem_and_Aliwal_EF
30158, CEN_64881_EF,16,LTE_Gemdene_MT_CEN_Northern_Cape_EF
30160, CEN_52541_EF,16,LTE_FS_Cricket_A_MT_CEN_Bloem_and_Aliwal_EF
30163, CEN_60150_EF,16,LTE_Flamingo_Casino_MT_CEN_Northern_Cape_EF
30164, CEN_28071_EF,16,LTE_Fichardt_Park_MT_CEN_Bloem_and_Aliwal_EF
30166, CEN_55701_EF,16,LTE_Engen_N1_MT_CEN_Bloem_and_Aliwal_EF
30167, CEN_52101_EF,16,LTE_Fedsure_House_MT_CEN_Bloem_and_Aliwal_EF
30169, CEN_60171_EF,16,LTE_Duineveld_MT_CEN_Northern_Cape_EF
30171, CEN_64370_EF,16,LTE_Dibeng_MTN_MT_CEN_Northern_Cape_EF
30174, CEN_10101_EF,16,LTE_Du_Plooy_MT_CEN_Bloem_and_Aliwal_EF
30176, CEN_27811_EF,16,LTE_De_Wet_Cell_C_MT_CEN_Bloem_and_Aliwal_EF
30178, CEN_54761_EF,16,LTE_Clinvet_MT_CEN_Bloem_and_Aliwal_EF
30180, CEN_23391_EF,16,LTE_Colesberg_Carrier_MT_CEN_Northern_Cape_EF
30182, CEN_64191_EF,16,LTE_De_La_Rey_hof_MT_CEN_Bloem_and_Aliwal_EF
30184, CEN_52301_EF,16,LTE_Clevely_MT_CEN_Bloem_and_Aliwal_EF
30186, CEN_27100_EF,16,LTE_Catharina_MT_CEN_Northern_Cape_EF
30188, CEN_64861_EF,16,LTE_Brandwag_Prim_MT_CEN_Bloem_and_Aliwal_EF
30198, CEN_27850_EF,16,LTE_Boesmanskop_MT_CEN_Bloem_and_Aliwal_EF
30199, CEN_53421_EF,16,LTE_Bochabela_MT_CEN_Bloem_and_Aliwal_EF
30200, CEN_20021_EF,16,LTE_Bobbiespark_MTN_MT_CEN_Bloem_and_Aliwal_EF
30201, CEN_20531_EF,16,LTE_Bloem_South_MT_CEN_Bloem_and_Aliwal_EF
30202, CEN_27201_EF,16,LTE_Wepener_MT_CEN_Bloem_and_Aliwal_EF
30203, CEN_26150_EF,16,LTE_Van_Zylsvlei_MT_CEN_Northern_Cape_EF
30205, CEN_58301_EF,16,LTE_UOVS_Tennis_MTN_MT_CEN_New_Bloem_and_Aliwal_EF
30207, CEN_28951_EF,16,LTE_Universitas_MT_CEN_Bloem_and_Aliwal_EF
30209, CEN_11581_EF,16,LTE_Umso_Schl_MT_CEN_Northern_Cape_EF
30211, CEN_10941_EF,16,LTE_Unipark_CT_CEN_Bloem_and_Aliwal_EF
30213, CEN_64911_EF,16,LTE_UFS_MT_CEN_Bloem_and_Aliwal_EF
30215, CEN_21481_EF,16,LTE_Soekfontein_MT_CEN_Bloem_and_Aliwal_EF
30219, CEN_1121_EF,16,LTE_Rosestad_MT_CEN_Bloem_and_Aliwal_EF
30222, CEN_29161_EF,16,LTE_Rodenbeck_MT_CEN_Bloem_and_Aliwal_EF
30224, CEN_64031_EF,16,LTE_Roodewal_MT_CEN_Bloem_and_Aliwal_EF
30226, CEN_52181_EF,16,LTE_Roqueford_MT_CEN_Bloem_and_Aliwal_EF
30228, CEN_28500_EF,16,LTE_Richmond_C_MT_CEN_Northern_Cape_EF
30230, CEN_53561_EF,16,LTE_Reabona_MTN_MT_CEN_Northern_Cape_EF
30234, CEN_29131_EF,16,LTE_Oranjesig_MT_CEN_Bloem_and_Aliwal_EF
30235, CEN_64831_EF,16,LTE_OVV_MT_CEN_Bloem_and_Aliwal_EF
30237, CEN_52041_EF,16,LTE_NGK_BFN_Wes_MT_CEN_Bloem_and_Aliwal_EF
30239, CEN_1161_EF,16,LTE_Netcare_911_MT_CEN_Bloem_and_Aliwal_EF
30241, CEN_63491_EF,16,LTE_Mount_Cedar_MT_CEN_Bloem_and_Aliwal_EF
30243, CEN_51521_EF,16,LTE_Meyerhof_NGK_MT_CEN_Welkom_and_Harrismith_EF
30245, CEN_51061_EF,16,LTE_Maryn_MT_CEN_Bloem_and_Aliwal_EF
30250, CEN_50181_EF,16,LTE_Lourierpark_MT_CEN_Bloem_and_Aliwal_EF
30252, CEN_24390_EF,16,LTE_Lohatlha_Mil_Base_MT_CEN_Northern_Cape_EF
30254, CEN_24721_EF,16,LTE_Lime_Acres_MT_CEN_Northern_Cape_EF
30256, CEN_54801_EF,16,LTE_Lime_Acres_Town_MT_CEN_Northern_Cape_EF
30258, CEN_51901_EF,16,LTE_Lieketseng_MTN_MT_CEN_Welkom_and_Harrismith_EF
30260, CEN_28011_EF,16,LTE_LHP_MT_CEN_Bloem_and_Aliwal_EF
30262, CEN_64171_EF,16,LTE_Forfar_MT_CEN_Bloem_and_Aliwal_EF
30264, CEN_64921_EF,16,LTE_Ehrlich_Park_MT_CEN_Bloem_and_Aliwal_EF
30266, CEN_55281_EF,16,LTE_FHP_Sport_MT_CEN_Bloem_and_Aliwal_EF
30268, CEN_21530_EF,16,LTE_Edenburg_PO_MT_CEN_Bloem_and_Aliwal_EF
30270, CEN_58121_EF,16,LTE_Dr_Bohmer_Cell_C_MT_CEN_New_Bloem_and_Aliwal_EF
30272, CEN_55481_EF,16,LTE_Bloemanda_MT_CEN_Bloem_and_Aliwal_EF
30274, CEN_40041_EF,16,LTE_Bloem_Water_MT_CEN_Bloem_and_Aliwal_EF
30276, CEN_64941_EF,16,LTE_Bloem_Dieretuin_MT_CEN_Bloem_and_Aliwal_EF
30278, CEN_23601_EF,16,LTE_Bloem_Airport_MT_CEN_Bloem_and_Aliwal_EF
30280, CEN_20961_EF,16,LTE_Augrabies_MT_CEN_Northern_Cape_EF
30282, CEN_24561_EF,16,LTE_BFN_Hydromed_MT_CEN_Bloem_and_Aliwal_EF
31973, CEN_52121_EF,16,LTE_Iustisie_Gebou_MT_CEN_Bloem_and_Aliwal_EF
31976, CEN_24551_EF,16,LTE_Showgrounds_MT_CEN_Bloem_and_Aliwal_EF
31978, CEN_12601_EF,16,LTE_Manokwane_MT_CEN_Northern_Cape_EF
31980, CEN_27750_EF,16,LTE_Corma_Nooitgedacht_MT_CEN_Northern_Cape_EF
33151, CEN_29191_EF,16,LTE_Thaba_Nchu_MTN_MT_CEN_Bloem_and_Aliwal_EF
33155, CEN_27111_EF,16,LTE_Warrenton_MT_CEN_Northern_Cape_EF
33156, CEN_5311_EF,16,LTE_Waterbron_MW_MT_CEN_Bloem_and_Aliwal_EF
33158, CEN_54241_EF,16,LTE_Waverley_MT_CEN_Bloem_and_Aliwal_EF
33162, CEN_28111_EF,16,LTE_Vryburg_East_MT_CEN_Northern_Cape_EF
33164, CEN_27171_EF,16,LTE_Vryburg_MW_MT_CEN_Northern_Cape_EF
33165, CEN_15221_EF,16,LTE_Vulamasangu_HS_Atlas_MT_CEN_EF
33168, CEN_64021_EF,16,LTE_Vryburg_Central_MT_CEN_Northern_Cape_EF
33170, CEN_62721_EF,16,LTE_Viljoenskroon_MT_CEN_New_Welkom_and_Harrismith_EF
33172, CEN_60121_EF,16,LTE_Simbruner_MT_CEN_Northern_Cape_EF
33175, CEN_53361_EF,16,LTE_Sishen_Mine_MT_CEN_Northern_Cape_EF
33179, CEN_56021_EF,16,LTE_Siesta_RV_MT_CEN_Bloem_and_Aliwal_EF
33181, CEN_29200_EF,16,LTE_Serfontein_MT_CEN_EF
33184, CEN_56601_EF,16,LTE_Seqhobong_MTN_MT_CEN_Welkom_and_Harrismith_EF
33185, CEN_3111_EF,16,LTE_Seoding_MT_CEN_Northern_Cape_EF
33186, CEN_52881_EF,16,LTE_Selosesha_Telk_MT_CEN_Bloem_and_Aliwal_EF
33187, CEN_24371_EF,16,LTE_Selosesha_MT_CEN_New_EF
33188, CEN_51301_EF,16,LTE_Seisa_Ramabodu_MT_CEN_Bloem_and_Aliwal_EF
33189, CEN_52761_EF,16,LTE_SAPS_Flying_Sqd_MT_CEN_Bloem_and_Aliwal_EF
33190, CEN_22841_EF,16,LTE_Pelonomi_Hosp_MT_CEN_Bloem_and_Aliwal_EF
33191, CEN_4161_EF,16,LTE_Minerva_Gardens_MT_CEN_Northern_Cape_EF
33192, CEN_15101_EF,16,LTE_Khotsong_Clinic_Welkom_MTN_MT_CEN_New_EF
33193, CEN_57161_EF,16,LTE_Aggeneys_Sentech_MT_CEN_EF
33195, CEN_50921_EF,16,LTE_Welkom_NGK_Nrd_MT_CEN_Welkom_and_Harrismith_EF
33196, CEN_62111_EF,16,LTE_Welkom_MW_MT_CEN_Welkom_and_Harrismith_EF
33197, CEN_51461_EF,16,LTE_Weitz_MTN_MT_CEN_Bloem_and_Aliwal_EF
33198, CEN_57261_EF,16,LTE_Vrisgewacht_Telkom_Dect_MT_CEN_New_EF
33203, CEN_50901_EF,16,LTE_Volks_Road_MT_CEN_Welkom_and_Harrismith_EF
33205, CEN_62321_EF,16,LTE_Ventersburg_MT_CEN_Welkom_and_Harrismith_EF
33207, CEN_58481_EF,16,LTE_Vodashop_Goldfields_Mall_Pico_MT_CEN_New_EF
33209, CEN_55721_EF,16,LTE_Upington_Showgrounds_MT_CEN_Northern_Cape_EF
33210, CEN_12061_EF,16,LTE_Vaalkraal_F2_Dect_MT_CEN_Bloem_and_Aliwal_EF
33213, CEN_64260_EF,16,LTE_Van_Stadensrus_MTN_MT_CEN_Bloem_and_Aliwal_EF
33214, CEN_20921_EF,16,LTE_Upington_MW_MT_CEN_Northern_Cape_EF
33216, CEN_29691_EF,16,LTE_Upington_Exch_MT_CEN_Northern_Cape_EF
33218, CEN_51561_EF,16,LTE_Upington_Airport_MT_CEN_Northern_Cape_EF
33220, CEN_53081_EF,16,LTE_Universitas_Hosp_MT_CEN_Bloem_and_Aliwal_EF
33222, CEN_50281_EF,16,LTE_Uitsig_MT_CEN_Bloem_and_Aliwal_EF
33227, CEN_50561_EF,16,LTE_Turflaagte_MW_MT_CEN_EF
33229, CEN_14961_EF,16,LTE_UFS_South_Campus_MT_CEN_New_Bloem_and_Aliwal_EF
33230, CEN_22891_EF,16,LTE_Tsitsesong_MT_CEN_Welkom_and_Harrismith_EF
33232, CEN_1171_EF,16,LTE_Tapoleng_MT_CEN_Bloem_and_Aliwal_EF
33233, CEN_64451_EF,16,LTE_Tempe_MT_CEN_Bloem_and_Aliwal_EF
33235, CEN_14121_EF,16,LTE_Thaba_Nchu_CBD_MT_CEN_Unknown_BE_EF
33237, CEN_27050_EF,16,LTE_Syfergate_MT_CEN_Northern_Cape_EF
33241, CEN_52321_EF,16,LTE_Swartkop_WT_CEN_Northern_Cape_EF
33243, CEN_57121_EF,16,LTE_St_Peters_Kerk_MT_CEN_Northern_Cape_EF
33245, CEN_13141_EF,16,LTE_St_Michaels_MTN_MT_CEN_Bloem_and_Aliwal_EF
33247, CEN_64981_EF,16,LTE_Spoornet_MT_CEN_Bloem_and_Aliwal_EF
33249, CEN_23651_EF,16,LTE_Smithfield_MT_CEN_Bloem_and_Aliwal_EF
33255, CEN_50761_EF,16,LTE_Sewe_Damme_MT_CEN_Bloem_and_Aliwal_EF
33257, CEN_50301_EF,16,LTE_Shannon_MT_CEN_Bloem_and_Aliwal_EF
33258, CEN_54441_EF,16,LTE_Silwerboom_TMP_MT_CEN_Northern_Cape_EF
33260, CEN_58241_EF,16,LTE_Setshabelo_MTN_MT_CEN_New_EF
33262, CEN_50261_EF,16,LTE_Sesheng_MT_CEN_Northern_Cape_EF
33266, CEN_55901_EF,16,LTE_Pabalello_MT_CEN_Northern_Cape_EF
33270, CEN_25651_EF,16,LTE_Odendaalsrus_MT_CEN_Welkom_and_Harrismith_EF
33272, CEN_50601_EF,16,LTE_Olive_Hill_MTN_MT_CEN_Bloem_and_Aliwal_EF
33274, CEN_52341_EF,16,LTE_Olyvenh_MTN_MT_CEN_Northern_Cape_EF
33277, CEN_64871_EF,16,LTE_Ooseinde_MT_CEN_Bloem_and_Aliwal_EF
33279, CEN_29181_EF,16,LTE_Hamilton_Park_W_MT_CEN_Bloem_and_Aliwal_EF
33283, CEN_29171_EF,16,LTE_Schoemanpark_MT_CEN_Bloem_and_Aliwal_EF
33286, CEN_56001_EF,16,LTE_Sante_MTN_MT_CEN_Bloem_and_Aliwal_EF
33288, CEN_62201_EF,16,LTE_Saaiplaas_Primary_MT_CEN_Welkom_and_Harrismith_EF
33290, CEN_51041_EF,16,LTE_Sandania_MT_CEN_Welkom_and_Harrismith_EF
33292, CEN_54101_EF,16,LTE_Sanlam_Plaza_MT_CEN_Bloem_and_Aliwal_EF
33295, CEN_51341_EF,16,LTE_Rutanang_MT_CEN_Bloem_and_Aliwal_EF
33299, CEN_52981_EF,16,LTE_Rosepark_MT_CEN_Bloem_and_Aliwal_EF
33301, CEN_40081_EF,16,LTE_Rulaganyang_MT_CEN_Welkom_and_Harrismith_EF
33303, CEN_64141_EF,16,LTE_Rooidam_MT_CEN_Bloem_and_Aliwal_EF
33305, CEN_55661_EF,16,LTE_Robertson_Str_MTN_MT_CEN_Welkom_and_Harrismith_EF
33307, CEN_2801_EF,16,LTE_Rocklands_C_MT_CEN_Bloem_and_Aliwal_EF
33309, CEN_24401_EF,16,LTE_Rhodesdene_MT_CEN_Northern_Cape_EF
33311, CEN_26141_EF,16,LTE_Riebeeckstad_MT_CEN_Welkom_and_Harrismith_EF
33314, CEN_40341_EF,16,LTE_Rinkink_Eaton_MT_CEN_Bloem_and_Aliwal_EF
33316, CEN_51001_EF,16,LTE_Rheeder_Park_MT_CEN_Welkom_and_Harrismith_EF
33317, CEN_29011_EF,16,LTE_Reitzpark_MT_CEN_Northern_Cape_EF
33320, CEN_62151_EF,16,LTE_Reitzpark_Primary_MT_CEN_Welkom_and_Harrismith_EF
33345, CEN_64391_EF,16,LTE_Re_A_Hola_MT_CEN_Bloem_and_Aliwal_EF
33347, CEN_53301_EF,16,LTE_Reatlehile_MTN_MT_CEN_EF
33348, CEN_51501_EF,16,LTE_Pumlani_MTN_MT_CEN_Welkom_and_Harrismith_EF
33350, CEN_4350_EF,16,LTE_President_Hotel_Id_MT_CEN_Bloem_and_Aliwal_EF
33352, CEN_64181_EF,16,LTE_Preller_Plein_MT_CEN_Bloem_and_Aliwal_EF
33359, CEN_24731_EF,16,LTE_Postmasburg_A_MT_CEN_Northern_Cape_EF
33361, CEN_27780_EF,16,LTE_Pofadder_MT_CEN_Northern_Cape_EF
33367, CEN_24031_EF,16,LTE_Phahameng_CellC_MT_CEN_Bloem_and_Aliwal_EF
33370, CEN_64961_EF,16,LTE_Phahameng_MT_CEN_Bloem_and_Aliwal_EF
33372, CEN_4111_EF,16,LTE_Pescodia_MT_CEN_Northern_Cape_EF
33374, CEN_28931_EF,16,LTE_Petrusburg_MT_CEN_Bloem_and_Aliwal_EF
33376, CEN_11081_EF,16,LTE_Pentagon_WT_MT_CEN_Bloem_and_Aliwal_EF
33378, CEN_26431_EF,16,LTE_Pentagon_Park_MT_CEN_Bloem_and_Aliwal_EF
33380, CEN_60001_EF,16,LTE_Pellisier_MT_CEN_Bloem_and_Aliwal_EF
33382, CEN_28920_EF,16,LTE_Parys_MW_MT_CEN_EF
33389, CEN_25541_EF,16,LTE_Olifantshoek_C_MT_CEN_Northern_Cape_EF
33391, CEN_54921_EF,16,LTE_Nteboheng_MTN_MT_CEN_Bloem_and_Aliwal_EF
33393, CEN_54061_EF,16,LTE_Noordstad_B_MT_CEN_Bloem_and_Aliwal_EF
33396, CEN_63771_EF,16,LTE_NGK_Heuwelkruin_MT_CEN_Bloem_and_Aliwal_EF
33398, CEN_51021_EF,16,LTE_Naudeville_C_MT_CEN_Welkom_and_Harrismith_EF
33399, CEN_5501_EF,16,LTE_Naudeville_MT_CEN_Welkom_and_Harrismith_EF
33401, CEN_57101_EF,16,LTE_Nobel_Str_MT_CEN_Bloem_and_Aliwal_EF
33403, CEN_54041_EF,16,LTE_Noordstad_A_MT_CEN_Bloem_and_Aliwal_EF
33405, CEN_54381_EF,16,LTE_Mothibistad_East_MT_CEN_Northern_Cape_EF
33407, CEN_15161_EF,16,LTE_NGK_Batho_MTN_MT_CEN_New_EF
33410, CEN_55221_EF,16,LTE_Moshaweng_MT_CEN_Northern_Cape_EF
33412, CEN_11361_EF,16,LTE_Mogojaneng_MT_CEN_Northern_Cape_EF
33414, CEN_1251_EF,16,LTE_Mimosa_Mall_MT_CEN_Bloem_and_Aliwal_EF
33416, CEN_54081_EF,16,LTE_Middestad_A_MT_CEN_Bloem_and_Aliwal_EF
33418, CEN_54121_EF,16,LTE_Middestad_B_MT_CEN_Bloem_and_Aliwal_EF
33420, CEN_55021_EF,16,LTE_Mikro_MTN_MT_CEN_Bloem_and_Aliwal_EF
33422, CEN_27231_EF,16,LTE_Metlife_Towers_MT_CEN_Northern_Cape_EF
33424, CEN_52741_EF,16,LTE_Males_Mews_MT_CEN_Welkom_and_Harrismith_EF
33426, CEN_60451_EF,16,LTE_Makwassie_MT_CEN_Welkom_and_Harrismith_EF
33428, CEN_27701_EF,16,LTE_Luckhoff_MT_CEN_Northern_Cape_EF
33435, CEN_24981_EF,16,LTE_LHP_West_MT_CEN_Bloem_and_Aliwal_EF
33439, CEN_29101_EF,16,LTE_Kroonvaal_MT_CEN_EF
33440, CEN_51581_EF,16,LTE_Heuwelsig_MT_CEN_Bloem_and_Aliwal_EF
33445, CEN_58561_EF,16,LTE_Heidedal_ATC_MT_CEN_New_EF
33449, CEN_28041_EF,16,LTE_De_Brug_MT_CEN_EF
33455, CEN_64011_EF,16,LTE_Bloem_Phase_Six_MT_CEN_EF
33457, CEN_54681_EF,16,LTE_Bloem_Show_MT_CEN_EF
33459, CEN_58601_EF,16,LTE_Bloem_Sonskyn_ATC_MT_CEN_New_EF
33461, CEN_56061_EF,16,LTE_Black_Mountain_Mine_MT_CEN_Northern_Cape_EF
33466, CEN_51321_EF,16,LTE_Bains_Game_lodge_MT_CEN_New_Bloem_and_Aliwal_EF
33470, CEN_51121_EF,16,LTE_Aggeneys_Town_MT_CEN_EF
33474, CEN_21471_EF,16,LTE_Kleinosspruit_MT_CEN_EF
33479, CEN_62171_EF,16,LTE_Kaalvallei_MT_CEN_EF
33481, CEN_55581_EF,16,LTE_Hamilton_Silo_MT_CEN_Bloem_and_Aliwal_EF
33483, CEN_58201_EF,16,LTE_Hani_Park_Clinic_MTN_MT_CEN_New_EF
33484, CEN_21450_EF,16,LTE_Grootstrij_MT_CEN_EF
33486, CEN_57921_EF,16,LTE_Gamsberg_MT_CEN_EF
33488, CEN_58081_EF,16,LTE_Freedom_Sqr_MT_CEN_New_EF
33490, CEN_62290_EF,16,LTE_Fontein_MT_CEN_EF
33491, CEN_21460_EF,16,LTE_Fairfield_MT_CEN_EF
33494, CEN_10961_EF,16,LTE_Eskom_Centre_MT_CEN_EF
33497, CEN_26551_EF,16,LTE_Eensgevonden_N1_MT_CEN_EF
33505, CEN_53661_EF,16,LTE_Kroonstad_Convent_MT_CEN_Welkom_and_Harrismith_EF
33507, CEN_62051_EF,16,LTE_Jan_Cillierspark_MT_CEN_Welkom_and_Harrismith_EF
33508, CEN_64991_EF,16,LTE_Ipopeng_MT_CEN_Northern_Cape_EF
33510, CEN_62181_EF,16,LTE_Hennenman_MT_CEN_Welkom_and_Harrismith_EF
33515, CEN_13961_EF,16,LTE_Bartimea_MTN_MT_CEN_Bloem_and_Aliwal_EF
33517, CEN_23091_EF,16,LTE_Kroonstad_South_MT_CEN_Welkom_and_Harrismith_EF
33520, CEN_55041_EF,16,LTE_De_Aar_Central_MT_CEN_Northern_Cape_EF
33522, CEN_53281_EF,16,LTE_Brandwag_Exch_MT_CEN_Bloem_and_Aliwal_EF
33524, CEN_2681_EF,16,LTE_Bloem_Waterfront_MT_CEN_Bloem_and_Aliwal_EF
33526, CEN_55081_EF,16,LTE_Lohatlha_CC_MT_CEN_Northern_Cape_EF
33528, CEN_11021_EF,16,LTE_Lesrey_MT_CEN_Northern_Cape_EF
33529, CEN_51161_EF,16,LTE_Lereng_Schl_MT_CEN_Bloem_and_Aliwal_EF
33531, CEN_56501_EF,16,LTE_Leratong_Clinic_MTN_MT_CEN_Unknown_BE_EF
33533, CEN_24941_EF,16,LTE_Lekung_MT_CEN_Northern_Cape_EF
33534, CEN_60441_EF,16,LTE_Lekhulong_MT_CEN_Bloem_and_Aliwal_EF
33535, CEN_64041_EF,16,LTE_Ladybrand_Town_MT_CEN_Bloem_and_Aliwal_EF
33536, CEN_64821_EF,16,LTE_LHP_Spar_MT_CEN_Bloem_and_Aliwal_EF
33537, CEN_51081_EF,16,LTE_LHP_South_MT_CEN_Bloem_and_Aliwal_EF
33538, CEN_54401_EF,16,LTE_Kuruman_East_MT_CEN_Northern_Cape_EF
33539, CEN_25331_EF,16,LTE_Kuruman_MT_CEN_Northern_Cape_EF
33540, CEN_60281_EF,16,LTE_LHP_Caltex_MT_CEN_Bloem_and_Aliwal_EF
33541, CEN_54421_EF,16,LTE_Kudumane_Mine_MT_CEN_Northern_Cape_EF
33542, CEN_50501_EF,16,LTE_Kruitberg_Prim_MT_CEN_Bloem_and_Aliwal_EF
33543, CEN_11161_EF,16,LTE_Kimdustria_MT_CEN_Northern_Cape_EF
33544, CEN_28021_EF,16,LTE_Kimberley_HTS_MT_CEN_Northern_Cape_EF
33545, CEN_50321_EF,16,LTE_Kgotsong_MT_CEN_Welkom_and_Harrismith_EF
33546, CEN_20941_EF,16,LTE_Keimoes_MT_CEN_Northern_Cape_EF
33547, CEN_56441_EF,16,LTE_Kellys_View_MTN_MT_CEN_Unknown_BE_EF
33548, CEN_55941_EF,16,LTE_Keidebees_MT_CEN_Northern_Cape_EF
33549, CEN_15021_EF,16,LTE_Kby_Vdc_Office_MT_CEN_Northern_Cape_EF
33550, CEN_12761_EF,16,LTE_Kby_Mediclinic_MT_CEN_Northern_Cape_EF
33551, CEN_12121_EF,16,LTE_Kby_Hosp_MT_CEN_Northern_Cape_EF
33552, CEN_13601_EF,16,LTE_Kby_Golf_Club_MT_CEN_Northern_Cape_EF
33554, CEN_50541_EF,16,LTE_Kathu_Village_Mall_MT_CEN_Northern_Cape_EF
33556, CEN_54301_EF,16,LTE_Kathu_Eskom_MT_CEN_Northern_Cape_EF
33558, CEN_27931_EF,16,LTE_Kathu_Geref_Kerk_MT_CEN_Northern_Cape_EF
33560, CEN_29631_EF,16,LTE_Kathu_Town_MT_CEN_Northern_Cape_EF
33562, CEN_24821_EF,16,LTE_Kakamas_MT_CEN_Northern_Cape_EF
33565, CEN_20951_EF,16,LTE_Kanoneiland_MT_CEN_Northern_Cape_EF
33566, CEN_11101_EF,16,LTE_Kathu_East_MT_CEN_Northern_Cape_EF
33568, CEN_60181_EF,16,LTE_Jacobsdal_MT_CEN_Unknown_BE_EF
33570, CEN_64521_EF,16,LTE_Jan_Kempdorp_WT_MT_CEN_Northern_Cape_EF
33572, CEN_27990_EF,16,LTE_Hobhouse_MT_CEN_Bloem_and_Aliwal_EF
33573, CEN_62141_EF,16,LTE_Horseshoe_MT_CEN_Welkom_and_Harrismith_EF
33574, CEN_50781_EF,16,LTE_Huhudi_MT_CEN_Northern_Cape_EF
33575, CEN_30061_EF,16,LTE_Henninghof_MT_CEN_Northern_Cape_EF
33576, CEN_28081_EF,16,LTE_Helicon_Heights_MT_CEN_Bloem_and_Aliwal_EF
33577, CEN_27151_EF,16,LTE_Hartswater_MT_CEN_Northern_Cape_EF
33578, CEN_13241_EF,16,LTE_Hartswater_Exch_MT_CEN_Northern_Cape_EF
33579, CEN_55541_EF,16,LTE_Harmony_Mine_MT_CEN_Welkom_and_Harrismith_EF
33580, CEN_13001_EF,16,LTE_Douglas_Spar_MT_CEN_Northern_Cape_EF
33581, CEN_24761_EF,16,LTE_Douglas_MT_CEN_Northern_Cape_EF
33582, CEN_53741_EF,16,LTE_Diskobolos_MT_CEN_Northern_Cape_EF
33583, CEN_29671_EF,16,LTE_Delportshoop_MT_CEN_Northern_Cape_EF
33584, CEN_7160_EF,16,LTE_Deveron_MTN_MT_CEN_Bloem_and_Aliwal_EF
33585, CEN_27211_EF,16,LTE_Dewetsdorp_MT_CEN_Bloem_and_Aliwal_EF
33586, CEN_12241_EF,16,LTE_Dealesville_MTN_MT_CEN_Bloem_and_Aliwal_EF
33587, CEN_11521_EF,16,LTE_De_Aar_WT_MT_CEN_Northern_Cape_EF
33588, CEN_21581_EF,16,LTE_De_Aar_MW_MT_CEN_Northern_Cape_EF
33589, CEN_20561_EF,16,LTE_City_Of_Hop_MTN_MT_CEN_Northern_Cape_EF
33590, CEN_20061_EF,16,LTE_Dan_Pienaar_MT_CEN_Bloem_and_Aliwal_EF
33591, CEN_24741_EF,16,LTE_Danielskuil_MT_CEN_Northern_Cape_EF
33592, CEN_12441_EF,16,LTE_Darcy_Str_MT_CEN_Northern_Cape_EF
33593, CEN_24460_EF,16,LTE_Butlers_Haven_MT_CEN_Northern_Cape_EF
33594, CEN_51381_EF,16,LTE_Botshabelo_Stdm_MT_CEN_Bloem_and_Aliwal_EF
33595, CEN_29051_EF,16,LTE_Bop_Kuruman_MT_CEN_Northern_Cape_EF
33596, CEN_25731_EF,16,LTE_Botshabelo_South_MT_CEN_Bloem_and_Aliwal_EF
33599, CEN_3941_EF,16,LTE_Bloemside_MT_CEN_Bloem_and_Aliwal_EF
33600, CEN_51941_EF,16,LTE_Bloemvallei_MT_CEN_Bloem_and_Aliwal_EF
33601, CEN_50581_EF,16,LTE_Bloem_Market_MT_CEN_Bloem_and_Aliwal_EF
33602, CEN_47021_EF,16,LTE_Bloem_Game_MT_CEN_Bloem_and_Aliwal_EF
33603, CEN_54161_EF,16,LTE_Bloem_Hyper_MT_CEN_Bloem_and_Aliwal_EF
33604, CEN_60031_EF,16,LTE_Black_Rock_MT_CEN_Northern_Cape_EF
33605, CEN_64851_EF,16,LTE_Blanckenbrgvlei_MT_CEN_Northern_Cape_EF
33606, CEN_51881_EF,16,LTE_Beatrix_Mine_MTN_MT_CEN_Welkom_and_Harrismith_EF
33607, CEN_62101_EF,16,LTE_Bedelia_MT_CEN_Welkom_and_Harrismith_EF
33608, CEN_2710_EF,16,LTE_Beeshoek_MTN_MT_CEN_Unknown_BE_EF
33609, CEN_54881_EF,16,LTE_Bestwood_MT_CEN_Northern_Cape_EF
33610, CEN_64411_EF,16,LTE_Batho_MT_CEN_Bloem_and_Aliwal_EF
33611, CEN_51781_EF,16,LTE_Bainsvlei_NGK_MT_CEN_Bloem_and_Aliwal_EF
33612, CEN_53701_EF,16,LTE_Bankhara_MTN_MT_CEN_Northern_Cape_EF
33613, CEN_29540_EF,16,LTE_Bainsvlei_MT_CEN_Bloem_and_Aliwal_EF
33614, CEN_25081_EF,16,LTE_Aliwal_Central_MT_CEN_Bloem_and_Aliwal_EF
33615, CEN_52081_EF,16,LTE_APK_Suid_MT_CEN_Bloem_and_Aliwal_EF
33616, CEN_23441_EF,16,LTE_Kroonstad_North_MT_CEN_Welkom_and_Harrismith_EF
33617, CEN_54361_EF,16,LTE_Kroonstad_Silo_MT_CEN_New_Welkom_and_Harrismith_EF
33618, CEN_21991_EF,16,LTE_Kroonstad_Exch_MT_CEN_Welkom_and_Harrismith_EF
33620, CEN_53821_EF,16,LTE_Kolomela_Mine_MT_CEN_Northern_Cape_EF
33621, CEN_26031_EF,16,LTE_Kopjeskraal_MT_CEN_Welkom_and_Harrismith_EF
33622, CEN_24831_EF,16,LTE_Koupis_MT_CEN_Bloem_and_Aliwal_EF
33624, CEN_55501_EF,16,LTE_Kagisanong_MT_CEN_Bloem_and_Aliwal_EF
33625, CEN_20001_EF,16,LTE_Jim_Fouche_Park_MT_CEN_Welkom_and_Harrismith_EF
33626, CEN_53061_EF,16,LTE_Johannes_Brill_MT_CEN_Bloem_and_Aliwal_EF
33627, CEN_50341_EF,16,LTE_Grootvlei_MT_CEN_Bloem_and_Aliwal_EF
33628, CEN_58381_EF,16,LTE_Groenvlei_MTN_MT_CEN_New_Bloem_and_Aliwal_EF
33629, CEN_55621_EF,16,LTE_Groenvallei_Kwekery_MT_CEN_Northern_Cape_EF
33630, CEN_24701_EF,16,LTE_Groblershoop_MT_CEN_Northern_Cape_EF
33631, CEN_53841_EF,16,LTE_Gannaput_MTN_MT_CEN_Northern_Cape_EF
33632, CEN_25801_EF,16,LTE_Geref_Kerk_Kby_MT_CEN_Northern_Cape_EF
33633, CEN_25811_EF,16,LTE_Green_Street_MT_CEN_Northern_Cape_EF
33634, CEN_62061_EF,16,LTE_Flamingo_Park_MT_CEN_Welkom_and_Harrismith_EF
33635, CEN_12401_EF,16,LTE_Flaxley_MT_CEN_Northern_Cape_EF
33636, CEN_52801_EF,16,LTE_Ficksburg_East_MT_CEN_Bloem_and_Aliwal_EF
33637, CEN_22541_EF,16,LTE_Ficksburg_MT_CEN_Bloem_and_Aliwal_EF
33638, CEN_13061_EF,16,LTE_Ficksburg_ATC_MT_CEN_Bloem_and_Aliwal_EF
33640, CEN_20081_EF,16,LTE_FS_Stadium_AB_MT_CEN_Bloem_and_Aliwal_EF
33641, CEN_50621_EF,16,LTE_FS_Stadium_AA_MT_CEN_Bloem_and_Aliwal_EF
33642, CEN_52561_EF,16,LTE_FS_Cricket_B_MT_CEN_Bloem_and_Aliwal_EF
33643, CEN_12721_EF,16,LTE_Eureka_PS_MTN_MT_CEN_Northern_Cape_EF
33644, CEN_64531_EF,16,LTE_Estoire_MT_CEN_Bloem_and_Aliwal_EF
33645, CEN_62121_EF,16,LTE_Ernest_Oppen_MT_CEN_Welkom_and_Harrismith_EF
33646, CEN_27221_EF,16,LTE_Eiland_MT_CEN_Northern_Cape_EF
33647, CEN_29081_EF,16,LTE_Du_Toitspan_MT_CEN_Northern_Cape_EF
33648, CEN_50881_EF,16,LTE_Brutus_MT_CEN_Welkom_and_Harrismith_EF
33649, CEN_50521_EF,16,LTE_Brandkop_MT_CEN_Bloem_and_Aliwal_EF
33650, CEN_62211_EF,16,LTE_Bronville_MT_CEN_Welkom_and_Harrismith_EF
33651, CEN_54141_EF,16,LTE_Bloem_Civic_Cntr_MT_CEN_Bloem_and_Aliwal_EF
33652, CEN_11741_EF,16,LTE_Beaconsfield_MT_CEN_Northern_Cape_EF
33653, CEN_1501_EF,16,LTE_Batlharos_MT_CEN_Northern_Cape_EF
33654, CEN_27711_EF,16,LTE_Bayswater_MT_CEN_Bloem_and_Aliwal_EF
33655, CEN_64931_EF,16,LTE_Bayswater_Police_MT_CEN_Bloem_and_Aliwal_EF
33656, CEN_55381_EF,16,LTE_Augrabies_Falls_MT_CEN_Northern_Cape_EF
33657, CEN_54201_EF,16,LTE_Arboretum_MT_CEN_Bloem_and_Aliwal_EF
33658, CEN_52241_EF,16,LTE_Asmandia_MTN_MT_CEN_Northern_Cape_EF
33659, CEN_23101_EF,16,LTE_Aliwal_North_MT_CEN_Bloem_and_Aliwal_EF
33660, CEN_51101_EF,16,LTE_Allanridge_ATC_MT_CEN_Welkom_and_Harrismith_EF
33951, CEN_25521_EF,16,LTE_Zastron_MT_CEN_Bloem_and_Aliwal_EF
33953, CEN_27041_EF,16,LTE_Wolmarans_Silo_MT_CEN_Northern_Cape_EF
33954, CEN_11221_EF,16,LTE_Witdam_MT_CEN_Northern_Cape_EF
33955, CEN_50381_EF,16,LTE_Wolmarans_Ext_10_MT_CEN_Northern_Cape_EF
33956, CEN_52201_EF,16,LTE_Windmill_Casino_MT_CEN_Bloem_and_Aliwal_EF
33957, CEN_51541_EF,16,LTE_Westerford_C_MT_CEN_Bloem_and_Aliwal_EF
33958, CEN_56481_EF,16,LTE_Wepener_ATC_MT_CEN_New_EF
40042, CEN_62081_EF,16,LTE_Welkom_Industria_MT_CEN_Welkom_and_Harrismith_EF
40043, CEN_62081,16,LTE_Welkom_Industria_MT_CEN_Welkom_and_Harrismith_BE
40044, CEN_62071,16,LTE_Welkom_Central_MT_CEN_Welkom_and_Harrismith_BE
40045, CEN_57961_EF,16,LTE_Welkom_Office_MT_CEN_Welkom_and_Harrismith_EF
40046, CEN_57961,16,LTE_Welkom_Office_MT_CEN_Welkom_and_Harrismith_BE
40047, CEN_54901,16,LTE_Groblershoop_WT_MT_CEN_Northern_Cape_BE
40048, CEN_52941,16,LTE_Omruil_MT_CEN_Northern_Cape_BE
40049, CEN_53021,16,LTE_Tswellang_MTN_MT_CEN_Bloem_and_Aliwal_BE
40050, CEN_62131,16,LTE_OKK_Foods_MT_CEN_Welkom_and_Harrismith_BE
40051, CEN_60021,16,LTE_Marchand_MT_CEN_Northern_Cape_BE
40052, CEN_54781,16,LTE_Kalahari_Mall_MT_CEN_Northern_Cape_BE
40053, CEN_27771,16,LTE_Harvard_MT_CEN_New_Northern_Cape_BE
40054, CEN_51821,16,LTE_Flo_Jo_MTN_CEN_Welkom_and_Harrismith_BE
40055, CEN_63131,16,LTE_Craiblaan_MT_CEN_Welkom_and_Harrismith_BE
40056, CEN_20041,16,LTE_CBC_Primary_MT_CEN_Bloem_and_Aliwal_BE
40057, CEN_54521,16,LTE_CR_Swart_MT_CEN_Bloem_and_Aliwal_BE
40059, CEN_55161,16,LTE_Beeshoek_Mine_MT_CEN_Northern_Cape_BE
40060, CEN_64441_EF,16,LTE_Lettie_Fouche_MT_CEN_Bloem_and_Aliwal_EF
40061, CEN_64151_EF,16,LTE_Willows_MT_CEN_Bloem_and_Aliwal_EF
40062, CEN_64901,16,LTE_Fauna_MT_CEN_Bloem_and_Aliwal_BE
40063, CEN_64550,16,LTE_Mabula_MT_CEN_Northern_Cape_BE
40064, CEN_64461,16,LTE_Grey_College_MTN_MT_CEN_Bloem_and_Aliwal_BE
40065, CEN_64441,16,LTE_Lettie_Fouche_MT_CEN_Bloem_and_Aliwal_BE
40066, CEN_64151,16,LTE_Willows_MT_CEN_Bloem_and_Aliwal_BE
40067, CEN_64111,16,LTE_St_Andrews_MTN_MT_CEN_Bloem_and_Aliwal_BE
40068, CEN_63171,16,LTE_Virginia_Gardens_MT_CEN_Welkom_and_Harrismith_BE
40069, CEN_62731,16,LTE_Leander_MT_CEN_Welkom_and_Harrismith_BE
40070, CEN_62221,16,LTE_Virginia_MT_CEN_Welkom_and_Harrismith_BE
40071, CEN_62161,16,LTE_Dagbreek_MT_CEN_Welkom_and_Harrismith_BE
40072, CEN_61631,16,LTE_Bothaville_MT_CEN_Welkom_and_Harrismith_BE
40073, CEN_60351,16,LTE_St_Helena_MT_CEN_Welkom_and_Harrismith_BE
40074, CEN_60151,16,LTE_Kimberley_Ind_MT_CEN_Northern_Cape_BE
40075, CEN_60051,16,LTE_Ferndale_Catholic_MT_CEN_Bloem_and_Aliwal_BE
40076, CEN_55681,16,LTE_Matla_PS_MTN_MT_CEN_Bloem_and_Aliwal_BE
40077, CEN_55141,16,LTE_Ditshepeng_MT_CEN_Northern_Cape_BE
40078, CEN_54021,16,LTE_Kiepersol_C_MT_CEN_Bloem_and_Aliwal_BE
40079, CEN_53401,16,LTE_Bloemspruit_SAP_MT_CEN_Bloem_and_Aliwal_BE
40080, CEN_53341,16,LTE_Kitty_MT_CEN_Welkom_and_Harrismith_BE
40081, CEN_52921,16,LTE_Keimoes_WT_MT_CEN_Northern_Cape_BE
40082, CEN_52401,16,LTE_Mandela_View_ATC_MT_CEN_Bloem_and_Aliwal_BE
40083, CEN_52221,16,LTE_Vryburg_Silo_MT_CEN_Northern_Cape_BE
40084, CEN_50741,16,LTE_Vryburg_West_MT_CEN_Northern_Cape_BE
40085, CEN_29621,16,LTE_Poundisford_MT_CEN_Bloem_and_Aliwal_BE
40086, CEN_29420,16,LTE_Witkop_MT_CEN_Welkom_and_Harrismith_BE
40087, CEN_29001,16,LTE_Galeshewe_MT_CEN_Northern_Cape_BE
40088, CEN_28941,16,LTE_Hamilton_Exch_MT_CEN_Bloem_and_Aliwal_BE
40089, CEN_27861,16,LTE_Macacuma_MT_CEN_Bloem_and_Aliwal_BE
40090, CEN_27820,16,LTE_Chesham_MT_CEN_Bloem_and_Aliwal_BE
40091, CEN_27721,16,LTE_Westdene_MT_CEN_Bloem_and_Aliwal_BE
40092, CEN_27551,16,LTE_Pudimoe_MT_CEN_Northern_Cape_BE
40093, CEN_27381,16,LTE_Botshabelo_MT_CEN_Bloem_and_Aliwal_BE
40094, CEN_27091,16,LTE_Christiana_Silo_MT_CEN_Northern_Cape_BE
40095, CEN_27011,16,LTE_Grants_Hill_MT_CEN_Bloem_and_Aliwal_BE
40096, CEN_24691,16,LTE_Barkley_West_MT_CEN_Northern_Cape_BE
40097, CEN_24571,16,LTE_Kimberley_North_MT_CEN_Northern_Cape_BE
40098, CEN_24421,16,LTE_Hopetown_MT_CEN_Northern_Cape_BE
40099, CEN_23341,16,LTE_Bloem_Central_MT_CEN_Bloem_and_Aliwal_BE
40101, CEN_20981,16,LTE_Ladybrand_MT_CEN_Bloem_and_Aliwal_BE
40102, CEN_20931,16,LTE_Neusberg_MT_CEN_Northern_Cape_BE
40103, CEN_2081,16,LTE_River_City_Cnt_MT_CEN_Northern_Cape_BE
40104, CEN_20521,16,LTE_Lake_View_MT_CEN_Bloem_and_Aliwal_BE
40105, CEN_1901,16,LTE_Kby_Cntr_MT_CEN_Northern_Cape_BE
40106, CEN_12841,16,LTE_Mokwallo_MT_CEN_Welkom_and_Harrismith_BE
40107, CEN_12581,16,LTE_Jehova_Witnes_MTN_MT_CEN_Bloem_and_Aliwal_BE
40108, CEN_12481,16,LTE_Tetlanyo_ATC_MT_CEN_Northern_Cape_BE
40109, CEN_12461,16,LTE_Kim_Town_MT_CEN_Northern_Cape_BE
40110, CEN_12341,16,LTE_Orania_Central_MT_CEN_Northern_Cape_BE
40111, CEN_12221,16,LTE_Kby_West_End_MT_CEN_Northern_Cape_BE
40112, CEN_11841,16,LTE_Platfontein_MTN_MT_CEN_Northern_Cape_BE
40113, CEN_11541,16,LTE_Britstown_Exch_MT_CEN_Northern_Cape_BE
40114, CEN_11281,16,LTE_Genl_de_Wet_MT_CEN_Bloem_and_Aliwal_BE
40115, CEN_11201,16,LTE_Bronville_MTN_MT_CEN_Welkom_and_Harrismith_BE
40116, CEN_11141,16,LTE_Kimberley_West_MT_CEN_Northern_Cape_BE
40117, CEN_11041,16,LTE_Kby_Stadium_MT_CEN_Northern_Cape_BE
40118, CEN_64111_EF,16,LTE_St_Andrews_MTN_MT_CEN_Bloem_and_Aliwal_EF
40119, CEN_64051_EF,16,LTE_Ficksburg_Town_MT_CEN_Bloem_and_Aliwal_EF
40120, CEN_63171_EF,16,LTE_Virginia_Gardens_MT_CEN_Welkom_and_Harrismith_EF
40121, CEN_63131_EF,16,LTE_Craiblaan_MT_CEN_Welkom_and_Harrismith_EF
40122, CEN_62731_EF,16,LTE_Leander_MT_CEN_Welkom_and_Harrismith_EF
40123, CEN_62221_EF,16,LTE_Virginia_MT_CEN_Welkom_and_Harrismith_EF
40124, CEN_62161_EF,16,LTE_Dagbreek_MT_CEN_Welkom_and_Harrismith_EF
40125, CEN_62131_EF,16,LTE_OKK_Foods_MT_CEN_Welkom_and_Harrismith_EF
40126, CEN_61631_EF,16,LTE_Bothaville_MT_CEN_Welkom_and_Harrismith_EF
40127, CEN_60481_EF,16,LTE_Padlangs_MT_CEN_Bloem_and_Aliwal_EF
40128, CEN_60351_EF,16,LTE_St_Helena_MT_CEN_Welkom_and_Harrismith_EF
40134, CEN_60151_EF,16,LTE_Kimberley_Ind_MT_CEN_Northern_Cape_EF
40136, CEN_60051_EF,16,LTE_Ferndale_Catholic_MT_CEN_Bloem_and_Aliwal_EF
40138, CEN_60021_EF,16,LTE_Marchand_MT_CEN_Northern_Cape_EF
40140, CEN_55681_EF,16,LTE_Matla_PS_MTN_MT_CEN_Bloem_and_Aliwal_EF
40142, CEN_55161_EF,16,LTE_Beeshoek_Mine_MT_CEN_Northern_Cape_EF
40144, CEN_55141_EF,16,LTE_Ditshepeng_MT_CEN_Northern_Cape_EF
40146, CEN_54901_EF,16,LTE_Groblershoop_WT_MT_CEN_Northern_Cape_EF
40148, CEN_54781_EF,16,LTE_Kalahari_Mall_MT_CEN_Northern_Cape_EF
40150, CEN_54521_EF,16,LTE_CR_Swart_MT_CEN_Bloem_and_Aliwal_EF
40152, CEN_54021_EF,16,LTE_Kiepersol_C_MT_CEN_Bloem_and_Aliwal_EF
40154, CEN_53401_EF,16,LTE_Bloemspruit_SAP_MT_CEN_Bloem_and_Aliwal_EF
40156, CEN_53341_EF,16,LTE_Kitty_MT_CEN_Welkom_and_Harrismith_EF
40158, CEN_53021_EF,16,LTE_Tswellang_MTN_MT_CEN_Bloem_and_Aliwal_EF
40160, CEN_52941_EF,16,LTE_Omruil_MT_CEN_Northern_Cape_EF
40161, CEN_52921_EF,16,LTE_Keimoes_WT_MT_CEN_Northern_Cape_EF
40162, CEN_52401_EF,16,LTE_Mandela_View_ATC_MT_CEN_Bloem_and_Aliwal_EF
40163, CEN_52221_EF,16,LTE_Vryburg_Silo_MT_CEN_Northern_Cape_EF
40164, CEN_51821_EF,16,LTE_Flo_Jo_MTN_CEN_Welkom_and_Harrismith_EF
40165, CEN_50741_EF,16,LTE_Vryburg_West_MT_CEN_Northern_Cape_EF
40166, CEN_46080_EF,16,LTE_Alheit_MT_CEN_Northern_Cape_EF
40168, CEN_29621_EF,16,LTE_Poundisford_MT_CEN_Bloem_and_Aliwal_EF
40169, CEN_29420_EF,16,LTE_Witkop_MT_CEN_Welkom_and_Harrismith_EF
40170, CEN_29001_EF,16,LTE_Galeshewe_MT_CEN_Northern_Cape_EF
40171, CEN_28941_EF,16,LTE_Hamilton_Exch_MT_CEN_Bloem_and_Aliwal_EF
40172, CEN_27861_EF,16,LTE_Macacuma_MT_CEN_Bloem_and_Aliwal_EF
40173, CEN_27820_EF,16,LTE_Chesham_MT_CEN_Bloem_and_Aliwal_EF
40174, CEN_27721_EF,16,LTE_Westdene_MT_CEN_Bloem_and_Aliwal_EF
40175, CEN_27551_EF,16,LTE_Pudimoe_MT_CEN_Northern_Cape_EF
40176, CEN_27381_EF,16,LTE_Botshabelo_MT_CEN_Bloem_and_Aliwal_EF
40177, CEN_27091_EF,16,LTE_Christiana_Silo_MT_CEN_Northern_Cape_EF
40178, CEN_24421_EF,16,LTE_Hopetown_MT_CEN_Northern_Cape_EF
40179, CEN_23341_EF,16,LTE_Bloem_Central_MT_CEN_Bloem_and_Aliwal_EF
40181, CEN_20981_EF,16,LTE_Ladybrand_MT_CEN_Bloem_and_Aliwal_EF
40182, CEN_20971_EF,16,LTE_Brandfort_MT_CEN_Bloem_and_Aliwal_EF
40183, CEN_20931_EF,16,LTE_Neusberg_MT_CEN_Northern_Cape_EF
40184, CEN_20041_EF,16,LTE_CBC_Primary_MT_CEN_Bloem_and_Aliwal_EF
40185, CEN_1901_EF,16,LTE_Kby_Cntr_MT_CEN_Northern_Cape_EF
40186, CEN_12841_EF,16,LTE_Mokwallo_MT_CEN_Welkom_and_Harrismith_EF
40187, CEN_12581_EF,16,LTE_Jehova_Witnes_MTN_MT_CEN_Bloem_and_Aliwal_EF
40188, CEN_12481_EF,16,LTE_Tetlanyo_ATC_MT_CEN_Northern_Cape_EF
40189, CEN_12461_EF,16,LTE_Kim_Town_MT_CEN_Northern_Cape_EF
40190, CEN_12341_EF,16,LTE_Orania_Central_MT_CEN_Northern_Cape_EF
40191, CEN_12221_EF,16,LTE_Kby_West_End_MT_CEN_Northern_Cape_EF
40192, CEN_11841_EF,16,LTE_Platfontein_MTN_MT_CEN_Northern_Cape_EF
40193, CEN_11541_EF,16,LTE_Britstown_Exch_MT_CEN_Northern_Cape_EF
40194, CEN_11281_EF,16,LTE_Genl_de_Wet_MT_CEN_Bloem_and_Aliwal_EF
40195, CEN_11201_EF,16,LTE_Bronville_MTN_MT_CEN_Welkom_and_Harrismith_EF
40196, CEN_11141_EF,16,LTE_Kimberley_West_MT_CEN_Northern_Cape_EF
40197, CEN_11041_EF,16,LTE_Kby_Stadium_MT_CEN_Northern_Cape_EF
40198, CEN_64901_EF,16,LTE_Fauna_MT_CEN_Bloem_and_Aliwal_EF
40199, CEN_64550_EF,16,LTE_Mabula_MT_CEN_Northern_Cape_EF
40200, CEN_64461_EF,16,LTE_Grey_College_MTN_MT_CEN_Bloem_and_Aliwal_EF
40201, CEN_64051,16,LTE_Ficksburg_Town_MT_CEN_Bloem_and_Aliwal_BE
40202, CEN_60481,16,LTE_Padlangs_MT_CEN_Bloem_and_Aliwal_BE
40203, CEN_20971,16,LTE_Brandfort_MT_CEN_Bloem_and_Aliwal_BE
40204, CEN_27011_EF,16,LTE_Grants_Hill_MT_CEN_Bloem_and_Aliwal_EF
40205, CEN_24691_EF,16,LTE_Barkley_West_MT_CEN_Northern_Cape_EF
40206, CEN_24571_EF,16,LTE_Kimberley_North_MT_CEN_Northern_Cape_EF
40207, CEN_2081_EF,16,LTE_River_City_Cnt_MT_CEN_Northern_Cape_EF
40208, CEN_20521_EF,16,LTE_Lake_View_MT_CEN_Bloem_and_Aliwal_EF
40874, CEN_62071_EF,16,LTE_Welkom_Central_MT_CEN_Welkom_and_Harrismith_EF
40879, CEN_27771_EF,16,LTE_Harvard_MT_CEN_New_Northern_Cape_EF
41692, CEN_20101,16,LTE_FS_Stadium_BA_MT_CEN_Bloem_and_Aliwal_BE
41693, CEN_62091,16,LTE_Lephola_A_MT_CEN_Welkom_and_Harrismith_BE
41694, CEN_46080,16,LTE_Alheit_MT_CEN_Northern_Cape_BE
42365, CEN_50441_EF,16,LTE_Rammulotsi_A_MT_CEN_Welkom_and_Harrismith_EF
42366, CEN_50421_EF,16,LTE_Snake_Park_B_MT_CEN_Welkom_and_Harrismith_EF
42369, CEN_20541_EF,16,LTE_Tafelkop_MT_CEN_Bloem_and_Aliwal_EF
42370, CEN_53981_EF,16,LTE_Henry_Fagan_MT_CEN_Bloem_and_Aliwal_EF
42371, CEN_64291_EF,16,LTE_Ga_Mopedi_MT_CEN_Northern_Cape_EF
42372, CEN_53461_EF,16,LTE_Masenkeng_MTN_MT_CEN_Bloem_and_Aliwal_EF
42373, CEN_62091_EF,16,LTE_Lephola_A_MT_CEN_Welkom_and_Harrismith_EF
42374, CEN_20101_EF,16,LTE_FS_Stadium_BA_MT_CEN_Bloem_and_Aliwal_EF
42376, CEN_29611_EF,16,LTE_Koffiefontein_MT_CEN_Northern_Cape_EF
46745, CEN_28971,16,LTE_Blouskool_B_MT_CEN_Welkom_and_Harrismith_BE
47817, CEN_58181,16,LTE_Pellisier_Besembos_MTN_CEN_BE
47818, CEN_14201,16,LTE_Jan_Kempdorp_Cen_CEN_BE
47819, CEN_53201,16,LTE_Ganyesa_Magistrate_MT_CEN_BE
47820, CEN_58581,16,LTE_Olympia_Prim_ATC_CEN_BE
47821, CEN_58541,16,LTE_White_City_Atlas_CEN_BE
47952, CEN_BREAK,16,P2P_BES-MTA
47977, CEN_40321,16,LTE_Afridome_CEN_BE
47980, CEN_26211,16,LTE_Kutlwanong_A_MT_CEN_Welkom_and_Harrismith_BE
47993, CEN_28971_EF,16,LTE_Blouskool_B_MT_CEN_Welkom_and_Harrismith_EF
48008, CEN_40321_EF,16,LTE_Afridome_CEN_EF
48013, CEN_26211_EF,16,LTE_Kutlwanong_A_MT_CEN_Welkom_and_Harrismith_EF
48031, CEN_56621_EF,16,LTE_Dr_Reginald_Cingo_MTN_CEN_New_Welkom_and_Hrrsmth_EF
48032, CEN_55821_EF,16,LTE_Postmasburg_Central_MT_CEN_Unknown_EF
48033, CEN_58461_EF,16,LTE_Vodashop_Kroonstad_Pico_CEN_New_Welkom_and_Hsmth_EF
48035, CEN_58541_EF,16,LTE_White_City_Atlas_CEN_EF
48036, CEN_58181_EF,16,LTE_Pellisier_Besembos_MTN_CEN_EF
48037, CEN_58581_EF,16,LTE_Olympia_Prim_ATC_CEN_EF
48038, CEN_14201_EF,16,LTE_Jan_Kempdorp_Cen_CEN_EF
48039, CEN_53201_EF,16,LTE_Ganyesa_Magistrate_MT_CEN_EF
49846, CEN_BREAK,16,P2P-BES2-MTA2
50339, CEN_58041,16,LTE_Edenville_Sassa_MT_CEN_BE
50340, CEN_26991,16,LTE_Colesberg_MW_CEN_BE
50341, CEN_62351,16,LTE_Dyseldrift_MT_CEN_BE
50342, CEN_58621,16,LTE_Bloem_Heidedal_Cell_C_BE
50343, CEN_21500,16,LTE_Bekkerfontein_BE
50344, CEN_27671,16,LTE_Beestekraal_BE
50345, CEN_13741,16,LTE_Abor_View_MT_CEN_BE
50346, CEN_58041_EF,16,LTE_Edenville_Sassa_MT_CEN_EF
50347, CEN_26991_EF,16,LTE_Colesberg_MW_CEN_EF
50348, CEN_62351_EF,16,LTE_Dyseldrift_MT_CEN_EF
50349, CEN_58621_EF,16,LTE_Bloem_Heidedal_Cell_C_EF
50350, CEN_21500_EF,16,LTE_Bekkerfontein_EF
50351, CEN_27671_EF,16,LTE_Beestekraal_EF
50352, CEN_13741_EF,16,LTE_Abor_View_MT_CEN_EF
50389, CEN_57981,16,Lange_Str_Senekal_Mtn_BE
50390, CEN_27910,16,LTE_Vadersgift_MT_CEN_BE
50391, CEN_11481,16,LTE_Vergenoeg_2_2_MT_CEN_BE
50392, CEN_27301,16,LTE_Ganyesa_MT_CEN_BE
50393, CEN_56521,16,LTE_Maruping_MT_CEN_BE
50394, CEN_61850,16,LTE_La_Rochelle_CEN_BE
50395, CEN_21551,16,LTE_Eureka_MT_CEN_BE
50396, CEN_62310_EF,16,LTE_Scholtznek_MT_CEN_EF
50397, CEN_59261_EF,16,LTE_Thaba_Bosiu_RSA_MT_CEN_EF
50400, CEN_57981_EF,16,Lange_Str_Senekal_Mtn_EF
50401, CEN_11481_EF,16,LTE_Vergenoeg_2_2_MT_CEN_EF
50402, CEN_27910_EF,16,LTE_Vadersgift_MT_CEN_EF
50404, CEN_56521_EF,16,LTE_Maruping_MT_CEN_EF
50405, CEN_61850_EF,16,LTE_La_Rochelle_CEN_EF
50406, CEN_27301_EF,16,LTE_Ganyesa_MT_CEN_EF
50407, CEN_21551_EF,16,LTE_Eureka_MT_CEN_EF
50498, CEN_59261,16,LTE_Thaba_Bosiu_RSA_MT_CEN_BE
50499, CEN_20461,16,LTE_Aliwal_North_MTN_MT_CEN_BE
50500, CEN_52361,16,LTE_Vaalkraal_H1_Dect_MT_CEN_BE
50501, CEN_20461_EF,16,LTE_Aliwal_North_MTN_MT_CEN_EF
50502, CEN_52361_EF,16,LTE_Vaalkraal_H1_Dect_MT_CEN_EF
50523, CEN_62310,16,LTE_Scholtznek_MT_CEN_BE
50525, CEN_3660,16,LTE_Lorraine_MTN_CEN_BE
50526, CEN_20491,16,LTE_Kroonstad_MW_A_CEN_BE
50527, CEN_53941,16,LTE_Hershaw_CEN_BE
50528, CEN_15341,16,LTE_Ganyesa_West_MT_CEN_BE
50529, CEN_28151,16,LTE_Andriesfontein_BE
50530, CEN_3660_EF,16,LTE_Lorraine_MTN_CEN_EF
50531, CEN_20491_EF,16,LTE_Kroonstad_MW_A_CEN_EF
50532, CEN_53941_EF,16,LTE_Hershaw_CEN_EF
50533, CEN_15341_EF,16,LTE_Ganyesa_West_MT_CEN_EF
50534, CEN_28151_EF,16,LTE_Andriesfontein_EF
50601, CEN_61691_EF,16,LTE_Phakisa_MTN_MT_CEN_EF
51005, CEN_29210,16,LTE_Tweespruit_MT_CEN_BE
51007, CEN_28340,16,LTE_Hanover_MT_CEN_BE
51008, CEN_29210_EF,16,LTE_Tweespruit_MT_CEN_EF
51010, CEN_28340_EF,16,LTE_Hanover_MT_CEN_EF
51042, CEN_26411,16,LTE_Lofter_MT_CEN_BE
51043, CEN_63940,16,LTE_Hillside_MTN_MT_CEN_BE
51044, CEN_26411_EF,16,LTE_Lofter_MT_CEN_EF
51045, CEN_63940_EF,16,LTE_Hillside_MTN_MT_CEN_EF
51120, CEN_61691,16,LTE_Phakisa_MTN_MT_CEN_BE
51463, CEN_62191_EF,16,LTE_Steynpan_EF
51464, CEN_29120_EF,16,LTE_Roodepoort_EF
51465, CEN_15001_EF,16,LTE_Morokwaneng_MT_CEN_EF
51469, CEN_21430_EF,16,LTE_Scotland_MT_CEN_EF
51472, CEN_62191,16,LTE_Steynpan_BE
51473, CEN_29120,16,LTE_Roodepoort_BE
51474, CEN_15001,16,LTE_Morokwaneng_MT_CEN_BE
51478, CEN_21430,16,LTE_Scotland_MT_CEN_BE
51521, CEN_57021_EF,16,LTE_Leeukop_CEN_EF
52059, CEN_58221_EF,16,LTE_Mopeng_Kroonstad_MTN_EF
52060, CEN_58401_EF,16,LTE_Mook_NGK_MT_CEN_EF
52061, CEN_58401,16,LTE_Mook_NGK_MT_CEN_BE
52063, CEN_58221,16,LTE_Mopeng_Kroonstad_MTN_BE
52193, CEN_53181_EF,16,LTE_Morokweng_South_MT_CEN_EF
52194, CEN_53181,16,LTE_Morokweng_South_MT_CEN_BE
52283, CEN_57021,16,LTE_Leeukop_CEN_BE
55846, CEN_25821_EF,16,LTE_EAC_Blockhuis_MT_CEN_EF
55847, CEN_25821,16,LTE_EAC_Blockhuis_MT_CEN_BE
55930, CEN_27250,16,LTE_Thaba_Nchu_Sun_MT_CEN_BE
55931, CEN_55201,16,LTE_Oppermansgronde_MT_CEN_BE
55932, CEN_64311,16,LTE_Meqheleng_MT_CEN_BE
55933, CEN_12801,16,LTE_Marquard_MTN_MT_CEN_BE
55934, CEN_64671,16,LTE_Le_Souvenir_MT_CEN_BE
55935, CEN_15441,16,LTE_Ganyesa_Comm_MT_CEN_BE
55936, CEN_62371,16,LTE_Fouriesburg_MT_CEN_BE
55937, CEN_52601,16,LTE_Eureka_South_MT_CEN_BE
55938, CEN_25791,16,LTE_Burgersdorp_MT_CEN_BE
55939, CEN_10081,16,LTE_Atamalang_MT_CEN_BE
55940, CEN_51681,16,LTE_Aanstoot_MTN_MT_CEN_BE
56064, CEN_11561,16,LTE_Victoria_Wes_Exch_MT_CEN_BE
56065, CEN_30221,16,LTE_Wilgehof_MTN_MT_CEN_BE
56066, CEN_13041,16,LTE_Tlotlisong_MTN_MT_CEN_BE
56067, CEN_55801,16,LTE_Wessels_Mine_MT_CEN_BE
56082, CEN_12801_EF,16,LTE_Marquard_MTN_MT_CEN_EF
56083," 	 CEN_64311_EF",16,LTE_Meqheleng_MT_CEN_EF
56084, CEN_10081_EF,16,LTE_Atamalang_MT_CEN_EF
56085, CEN_62371_EF,16,LTE_Fouriesburg_MT_CEN_EF
